Aug 02 2023,id,fullName,country,age,rating2,rating1,KDDiff,maps,rounds,kills,deaths,KDRatio,HSRatio,adr,ratingTop20,ratingYear,clutchesTotal,teams,majorsWon,majorsPlayed,LANsWon,LANsPlayed,MVPs,top20s,top10s,topPlacement
chelleos,12877,Michael Hawkins,New Zealand,23,1.19,1.11,1524,626,16180,12462,10938,1.14,31.8,83.1,0.88,"{""2016"":0.99,""2017"":1.02,""2018"":1.2,""2019"":1.11,""2020"":1.08,""2021"":1.14,""2022"":1.09}",190,"[""9881/Rooster"",""7983/Paradox"",""9275/madlikewizards"",""5680/Athletico"",""8435/seadoggs""]",0,0,0,0,0,0,0,N/A,
WolfY,12937,Adam Andersson,United States,24,1.08,1.04,1346,697,18622,12870,11524,1.12,33.5,70.7,0.97,"{""2016"":1.01,""2017"":1.02,""2018"":0.99,""2019"":0.91,""2020"":1.09,""2021"":1.07,""2022"":1.06}",247,"[""12376/M80"",""9943/ATK"",""11195/fnatic Rising"",""9735/Lilmix"",""11419/ECSTATIC"",""8963/Lyngby Vikings"",""10747/Secret Club"",""10700/Swedish Canadians"",""10282/OCG"",""10040/The Final Tribe"",""6220/Epiphany Bolt""]",0,0,0,0,0,0,0,N/A,
Blytz,12945,Raul Gligor,Romania,23,1.08,1.01,203,540,14532,10203,10000,1.02,51,78.5,1.11,"{""2016"":0.89,""2018"":1.09,""2019"":1.08,""2020"":0.76,""2021"":1.02,""2022"":1.02}",155,"[""12117/Let us cook"",""8064/undefined"",""10873/Enterprise"",""7187/Nexus"",""10965/MNA""]",0,0,0,0,0,0,0,N/A,
Thomas,13018,Thomas Utting,United Kingdom,25,1.11,1.02,880,1125,29946,21132,20252,1.04,41.1,80.5,0.97,"{""2016"":0.95,""2017"":1.06,""2018"":1.06,""2019"":1.03,""2020"":1.03,""2021"":0.98,""2022"":1.09}",293,"[""11164/Into the Breach"",""10968/cowana"",""11278/Coalesce"",""7234/Endpoint"",""5991/Envy"",""10420/Phoenix"",""9722/NoChance"",""4822/Reason""]",0,1,0,0,0,0,0,N/A,
c0llins,13026,Luka Živanović,Serbia,24,1.1,1.04,549,513,13803,10004,9455,1.06,54.2,79.7,1.18,"{""2016"":0.55,""2017"":1.02,""2018"":0.99,""2019"":1.05,""2020"":1.04,""2021"":1.08,""2022"":1.05}",191,"[""10831/Entropiq"",""12249/ex-Partizan"",""11838/Partizan"",""11813/ex-4glory"",""10933/4glory"",""8290/Ripple""]",0,0,0,0,0,0,0,N/A,
LOGAN,13042,Logan Corti,France,25,1.01,0.96,-300,590,15692,10091,10391,0.97,55.2,70.6,0.88,"{""2016"":0.74,""2017"":1.1,""2018"":0.96,""2019"":0.94}",187,"[""4674/LDLC"",""8346/Heretics"",""10035/FrenchFrogs"",""9896/ex-3DMAX"",""8242/ARES""]",0,0,0,0,0,0,0,N/A,
zeph,13054,Charlie Dodd,Australia,21,1.11,1.05,600,600,15248,11209,10609,1.06,47.6,79.7,0.78,"{""2016"":0.75,""2017"":0.96,""2018"":1.04,""2019"":1.05,""2020"":1.01,""2021"":1.13}",117,"[""11558/DGG"",""7983/Paradox"",""6010/Chiefs"",""8536/Ground Zero"",""8668/ORDER"",""5293/AVANT"",""8588/Lucky7""]",0,0,0,0,0,0,0,N/A,
DeathZz,13093,Raúl Jordán Nieto,Spain,27,1.02,0.98,18,551,14730,9646,9628,1,49.1,73.6,0.95,"{""2016"":1.11,""2017"":1.04,""2018"":1.11,""2019"":0.97,""2020"":0.98,""2021"":1.01}",161,"[""7718/Movistar Riders"",""11151/Iberian Family"",""11080/Caronte"",""11036/Miami Pitingos"",""10592/Wygers"",""8362/MAD Lions""]",0,1,0,4,0,0,0,N/A,
Maka,13138,Bryan Canda,France,26,1.11,1.07,2925,1423,38054,27007,24082,1.12,35.2,74.6,1.03,"{""2017"":1.03,""2018"":1.03,""2019"":1.04,""2020"":1.09,""2021"":1.08,""2022"":1.04}",479,"[""12260/Looking4Org"",""11501/HEET"",""11283/Falcons"",""11503/Akimbo"",""4674/LDLC"",""8346/Heretics"",""10035/FrenchFrogs"",""9896/ex-3DMAX"",""4914/3DMAX"",""9099/NOBO"",""8441/Limitless""]",0,0,0,0,0,0,0,N/A,
Radifaction,13148,Haakon Tholo,Norway,24,1.03,0.98,-162,509,13632,9177,9339,0.98,49.9,75.3,0.89,"{""2017"":1.02,""2018"":1.04,""2019"":0.97,""2020"":0.93,""2021"":0.87}",123,"[""10942/Oilers"",""10276/Finest"",""10965/MNA"",""10488/Secret"",""9806/Apeks"",""8769/Nordavind"",""9722/NoChance"",""7613/Red Reserve"",""4606/BX3""]",0,0,0,0,0,0,0,N/A,
speed4k,13155,Anton Titov,Russia,27,1.04,1,527,840,22566,14881,14354,1.04,40.5,69.7,0.95,"{""2017"":0.96,""2018"":0.96,""2019"":1.03,""2020"":1.02,""2021"":1.02}",266,"[""11331/Websterz"",""7820/GoodJob"",""11136/FreeTON"",""7969/Nemiga"",""10421/Hard Legion"",""8305/DreamEaters""]",0,1,0,0,0,0,0,N/A,
Jerry,13157,Andrey Mekhryakov,Russia,25,1.06,0.99,10,1858,50130,33843,33833,1,45.4,76.2,0.99,"{""2017"":1.03,""2018"":1.02,""2019"":1,""2020"":0.98,""2021"":1,""2022"":0.95}",445,"[""8135/FORZE"",""7797/Spartak""]",0,3,0,3,0,0,0,N/A,
kwezz,13170,Oliver Rasmussen,Denmark,23,1.01,0.98,-119,933,24982,16247,16366,0.99,55.5,71.9,0.94,"{""2017"":0.93,""2018"":1.01,""2019"":0.9,""2020"":1.01,""2021"":1,""2022"":0.98}",346,"[""12289/Espionage"",""4602/Tricked"",""7674/Ambush"",""8010/Odense""]",0,0,0,0,0,0,0,N/A,
stellar,13177,Brenden McGrath,United States,27,1.05,0.98,26,427,10968,7396,7370,1,45.7,76.2,0.96,"{""2017"":0.98,""2018"":0.97,""2019"":1}",176,"[""10676/AA"",""10302/Divine"",""8038/Party Astronauts"",""9161/Vireo.pro"",""8398/Iceberg""]",0,0,0,0,0,0,0,N/A,
RZU,13179,Jeff Ngo,United States,23,1.01,0.96,-554,502,13085,8905,9459,0.94,52.3,73.9,0.9,"{""2017"":0.9,""2018"":0.97,""2019"":0.97,""2020"":0.99,""2021"":0.95}",138,"[""10462/Brazen"",""10469/Third Impact"",""10304/Triumph"",""10017/Rugratz"",""10650/Under 21"",""9799/Bad News Bears"",""9400/Test Takers"",""6707/RONIN"",""7105/Blight""]",0,0,0,0,0,0,0,N/A,
xCeeD,13182,Jack Holiman,United States,23,1.07,1.01,174,451,11764,8192,8018,1.02,44.1,75.4,0.79,"{""2017"":0.99,""2018"":0.97,""2019"":1.06,""2020"":0.85,""2021"":1.01}",137,"[""11254/ONET4P"",""10469/Third Impact"",""10304/Triumph"",""9974/GGPR"",""9785/The Quest"",""9515/cantwinalan"",""8384/SoaR""]",0,0,0,0,0,0,0,N/A,
cam,13186,Cameron Kern,United States,25,1.06,1,169,544,13974,9454,9285,1.02,50.8,75.3,0.84,"{""2017"":0.95,""2018"":1.05,""2019"":0.99}",155,"[""9085/Chaos"",""7612/Ben's Anime Team"",""6978/Singularity"",""8880/Gorilla Gang"",""7879/Mask Off""]",0,0,0,0,0,0,0,N/A,
Zellsis,13188,Jordan Montemurro,United States,25,1.11,1.05,803,626,16210,11657,10854,1.07,46.4,79.2,0.9,"{""2017"":1.07,""2018"":1.06,""2019"":0.97}",208,"[""6238/Ze Pug Godz"",""7726/Swole Patrol"",""9945/Lazarus"",""5752/Cloud9""]",0,1,0,5,0,0,0,N/A,
Voltage,13228,Logan Long,United States,23,1.05,1.02,571,444,11421,7494,6923,1.08,28.6,67.5,0.84,"{""2017"":1.04,""2018"":0.93,""2019"":1.06,""2020"":1.03}",204,"[""11254/ONET4P"",""11340/Davenport University"",""9085/Chaos"",""10304/Triumph"",""9785/The Quest"",""8718/AZIO"",""5422/Dignitas"",""8384/SoaR""]",0,0,0,0,0,0,0,N/A,
Snakes,13229,Ryan Amann,United States,21,1.06,1.01,306,527,13683,9276,8970,1.03,42.4,74.1,0.89,"{""2017"":1.02,""2018"":1.09,""2019"":1.02,""2020"":0.91,""2022"":0.88}",223,"[""11298/Strife"",""11254/ONET4P"",""10304/Triumph"",""9785/The Quest"",""9566/Spacestation"",""8718/AZIO"",""8384/SoaR""]",0,0,0,0,0,0,0,N/A,
motm,13230,Ian Hardy,United States,23,1.09,1.04,1084,1080,28427,20365,19281,1.06,50.2,76.2,0.92,"{""2017"":1,""2018"":1.11,""2019"":1.08,""2020"":0.98,""2021"":1.03,""2022"":1.03}",362,"[""11298/Strife"",""9943/ATK"",""10747/Secret Club"",""10304/Triumph"",""10611/High Coast"",""10948/Extra Salt"",""5752/Cloud9"",""8038/Party Astronauts"",""6978/Singularity"",""9161/Vireo.pro"",""8677/Etherian"",""8349/Good People""]",0,0,0,0,0,0,0,N/A,
PTC,13238,Kitikawin Rattanasukol,Thailand,24,1.14,1.11,1408,476,12393,9304,7896,1.18,36.1,76.9,0.91,"{""2017"":1.11,""2018"":1.11,""2019"":1.15}",221,"[""8680/Lucid Dream"",""6353/MiTH"",""7092/5POWER"",""7576/7642""]",0,0,0,0,0,0,0,N/A,
Qikert,13239,Alexey Golubev,Kazakhstan,24,1.1,1.03,1798,1363,36055,24910,23112,1.08,56.2,76.6,1.01,"{""2017"":1.11,""2018"":1.1,""2019"":1.06,""2020"":1.02,""2021"":0.95,""2022"":0.93}",328,"[""5378/Virtus.pro"",""11595/Outsiders"",""8120/AVANGAR"",""6215/LOG""]",1,6,2,25,0,0,0,N/A,
Lack1,13240,Viktor Boldyrev,Kazakhstan,23,1.03,0.98,-458,1095,29497,19930,20388,0.98,45.8,73.7,0.92,"{""2017"":0.63,""2018"":1.17,""2019"":1.05,""2020"":1.03,""2021"":0.99,""2022"":0.93}",280,"[""11861/Aurora"",""10831/Entropiq"",""11119/EPG Family"",""11085/ex-Winstrike"",""9183/Winstrike"",""10097/Se7en""]",0,1,0,0,0,0,0,N/A,
oSee,13249,Josh Ohm,United States,24,1.14,1.1,3656,1262,33013,24138,20482,1.18,31.3,75.2,1.02,"{""2017"":1.05,""2018"":1.01,""2019"":1.06,""2020"":1.09,""2021"":1.25,""2022"":1.04}",425,"[""5973/Liquid"",""10948/Extra Salt"",""5752/Cloud9"",""9943/ATK"",""6978/Singularity"",""8880/Gorilla Gang"",""8677/Etherian""]",0,3,0,16,0,0,0,N/A,
ben1337,13250,Ben Smith,United States,25,0.96,0.9,-2068,1058,27683,16921,18989,0.89,46.4,69.3,0.83,"{""2017"":0.9,""2018"":0.92,""2019"":0.91,""2020"":0.88,""2021"":0.9,""2022"":0.92}",286,"[""8038/Party Astronauts"",""11734/EG White"",""10611/High Coast"",""9888/New England Whalers"",""9085/Chaos"",""7612/Ben's Anime Team"",""8880/Gorilla Gang"",""8677/Etherian""]",0,0,0,0,0,0,0,N/A,
Ace,13273,Brandon Winn,United States,28,1.06,1.02,570,456,11866,7922,7352,1.08,31.4,68.5,0.96,"{""2017"":1.03}",136,"[""7726/Swole Patrol"",""7106/eUnited"",""7924/Rise Nation"",""6987/Eclipse""]",0,0,0,0,0,0,0,N/A,
El1an,13281,Aleksei Gusev,Russia,24,1.16,1.12,4906,1397,37371,27844,22938,1.21,26.9,77.7,1.07,"{""2017"":1.1,""2018"":1.1,""2019"":1.08,""2020"":1.16,""2021"":1.16,""2022"":1.09}",491,"[""8135/FORZE"",""7244/K23"",""12044/Boston crab"",""10831/Entropiq"",""11119/EPG Family"",""11085/ex-Winstrike"",""9183/Winstrike"",""9182/Monolith"",""7489/EPG""]",0,1,0,0,0,0,0,N/A,
Farlig,13300,Asger Jensen,Denmark,24,1.1,1.08,2149,881,23711,17020,14871,1.14,33.2,71.8,1.02,"{""2017"":1.24,""2018"":1.09,""2019"":1.11,""2020"":1.11,""2021"":1.05,""2022"":0.98}",293,"[""12259/ex-Copenhagen Flames"",""7461/Copenhagen Flames"",""6665/Astralis"",""10671/FunPlus Phoenix"",""6902/GODSENT""]",0,1,0,4,0,0,0,N/A,
hoody,13396,Aaro Peltokangas,Finland,24,1.07,1.02,402,575,15453,10871,10469,1.04,49.6,77.2,1.01,"{""2017"":0.92,""2018"":1,""2019"":1.04}",169,"[""7865/HAVU"",""8485/NYYRIKKI""]",0,0,0,0,0,0,0,N/A,
mar,13464,Martin Kuyumdjiev,Bulgaria,26,1.08,1.01,402,774,20544,14333,13931,1.03,48.3,78.8,0.92,"{""2017"":0.56,""2018"":1.04,""2019"":1.02,""2020"":1.03,""2021"":1.01,""2022"":0.98}",217,"[""12213/Biskvitki Zakuska"",""12094/TENSTAR"",""12068/Katuna"",""11570/WinX"",""10276/Finest"",""9802/Budapest Five"",""11066/Fiend"",""11026/VOYVODA"",""10848/MBAPPEEK"",""9863/FATE""]",0,0,0,0,0,0,0,N/A,
dennyslaw,13466,Denislav Dimitrov,Bulgaria,23,1.11,1.08,3455,1467,39508,28516,25061,1.14,31.5,74,1.05,"{""2017"":0.76,""2018"":1.09,""2019"":1.11,""2020"":1.07,""2021"":1.11,""2022"":1.07}",464,"[""12000/500"",""11947/ex-SKADE"",""10386/SKADE"",""6762/Bpro""]",0,0,0,0,0,0,0,N/A,
Lucky,13497,Lucas Chastang,France,25,1.09,1.02,1515,1419,38118,25980,24465,1.06,41.4,76.9,0.96,"{""2017"":0.97,""2018"":1.12,""2019"":1,""2020"":1.03,""2021"":1.03,""2022"":0.96}",443,"[""12260/Looking4Org"",""11501/HEET"",""11003/DBL PONEY"",""8346/Heretics"",""5995/G2"",""4914/3DMAX"",""9099/NOBO"",""7242/dizLown"",""7667/RANKS""]",0,2,0,7,0,0,0,N/A,
Blogg1s,13567,Dominik Janita,Czech Republic,24,1.09,1.07,960,436,12013,8608,7648,1.13,30.9,72.7,1.01,"{""2017"":1.1,""2018"":0.91,""2019"":1.06,""2020"":0.99,""2021"":1.08,""2022"":1.08}",189,"[""10695/Sampi"",""5412/eSuba""]",0,0,0,0,0,0,0,N/A,
Valencio,13569,Vojtěch Mydlář,Czech Republic,23,0.99,0.95,-530,495,13096,8577,9107,0.94,51.4,72.9,1,"{""2017"":0.82,""2021"":1.03,""2022"":0.95}",147,"[""7441/ECLOT""]",0,0,0,0,0,0,0,N/A,
Grim,13578,Michael Wince,United States,22,1.1,1.05,885,1058,27865,20023,19138,1.05,48.9,78.4,0.98,"{""2017"":1.16,""2018"":0.97,""2019"":1.06,""2020"":1.16,""2021"":0.94,""2022"":1.06}",304,"[""5005/Complexity"",""5973/Liquid"",""10304/Triumph"",""9785/The Quest"",""9566/Spacestation"",""8718/AZIO"",""5422/Dignitas"",""8384/SoaR"",""6811/Broken Alliance""]",0,3,0,0,0,0,0,N/A,
Spongey,13589,Gabe Greiner,United States,23,1.06,1.02,1034,862,22399,14817,13783,1.08,50.9,71.4,0.89,"{""2017"":1.16,""2018"":1.07,""2019"":1.03,""2020"":0.93,""2021"":1.02,""2022"":0.99}",401,"[""12241/WITHOUT WARNING"",""9799/Bad News Bears"",""10304/Triumph"",""9785/The Quest"",""9176/iNTACT"",""9227/Vision"",""8602/F1-racecar-PEEK"",""7723/Morior Invictus""]",0,0,0,0,0,0,0,N/A,
nicoodoz,13602,Nico Tamjidi,Denmark,23,1.09,1.07,2075,871,23361,16423,14348,1.14,31.9,71.4,1.05,"{""2017"":0.98,""2018"":1.02,""2020"":1.08,""2021"":1.07,""2022"":1.07}",292,"[""12334/Preasy"",""4991/fnatic"",""7461/Copenhagen Flames"",""6978/Singularity"",""8882/WE HAWT""]",0,4,0,0,0,0,0,N/A,
Brollan,13666,Ludvig Brolin,Sweden,21,1.11,1.05,1445,1169,31087,22278,20833,1.07,52.5,78.8,1.06,"{""2017"":1.13,""2018"":1.05,""2019"":1.07,""2020"":1.08,""2021"":1.02,""2022"":1.03}",337,"[""4411/Ninjas in Pyjamas"",""4991/fnatic"",""7613/Red Reserve"",""6902/GODSENT"",""7124/passions""]",0,4,1,29,1,2,0,15,
nawwk,13670,Tim Jonasson,Sweden,25,1.13,1.11,4087,1146,30788,22561,18474,1.22,35.1,72.8,1.06,"{""2017"":0.96,""2018"":1.19,""2019"":1.12,""2020"":1.05,""2021"":1.01,""2022"":1.16}",510,"[""9806/Apeks"",""4411/Ninjas in Pyjamas"",""11086/POGGERZ"",""9928/GamerLegion"",""9481/x6tence Galaxy"",""8997/PAPERPLANES""]",0,1,0,2,0,0,0,N/A,
nukkye,13679,Žygimantas Chmieliauskas,Lithuania,25,1.12,1.08,1330,592,15492,11227,9897,1.13,39.2,78.3,1,"{""2017"":1.11,""2018"":1.09,""2019"":1.08}",204,"[""5310/HellRaisers"",""9722/NoChance"",""7701/Imperial"",""8543/MANS NOT HOT"",""7566/Playing Ducks""]",0,1,1,5,0,0,0,N/A,
birdfromsky,13718,Thomas Due-Frederiksen,Denmark,29,0.98,0.86,-3049,1075,29276,17306,20355,0.85,41.5,72.2,0.96,"{""2017"":0.68,""2018"":0.97,""2019"":0.83,""2020"":0.86,""2021"":0.88,""2022"":0.88}",290,"[""12259/ex-Copenhagen Flames"",""7461/Copenhagen Flames"",""11419/ECSTATIC"",""8963/Lyngby Vikings""]",0,0,0,0,0,0,0,N/A,
Queenix,13749,Jonas Dideriksen,Denmark,24,1.02,0.97,-223,738,19911,12714,12937,0.98,55.9,71.5,0.89,"{""2017"":1.08,""2018"":0.97,""2019"":0.78,""2020"":0.93,""2021"":1.02,""2022"":0.97}",283,"[""11419/ECSTATIC"",""10867/MASONIC"",""4468/x6tence"",""7461/Copenhagen Flames"",""6978/Singularity""]",0,0,0,0,0,0,0,N/A,
Jame,13776,Dzhami Ali,Russia,24,1.17,1.13,5726,1283,34039,24286,18560,1.31,25.2,72.6,1.12,"{""2017"":1.06,""2018"":1.11,""2019"":1.21,""2020"":1.12,""2021"":1.14,""2022"":1.09}",538,"[""5378/Virtus.pro"",""11595/Outsiders"",""8120/AVANGAR""]",1,6,2,25,3,2,1,10,
PASHANOJ,13779,Pavel Legostaev,Russia,29,0.9,0.83,-2371,620,16227,9433,11804,0.8,53.4,68,0.74,"{""2017"":0.87,""2018"":0.92,""2019"":0.81,""2020"":0.81,""2021"":0.77}",128,"[""11371/xDDDD"",""11382/DNG"",""11156/zxc"",""11025/CrowCrowd"",""10929/ex-ETHEREAL"",""10673/ETHEREAL"",""9287/Unique"",""7017/Space Jam"",""8669/Espada"",""7900/Spirit Academy""]",0,0,0,0,0,0,0,N/A,
dimasick,13780,Dmitry Matvienko,Kazakhstan,27,1.06,1.02,447,585,15322,10747,10300,1.04,49.1,75.9,0.96,"{""2017"":1.08,""2018"":1.02,""2019"":0.96}",151,"[""7898/pro100"",""8120/AVANGAR"",""6215/LOG""]",0,1,0,0,0,0,0,N/A,
Lucky,13843,Philip Ewald,Denmark,20,1.08,1.05,1559,768,20618,14290,12731,1.12,39.8,71.4,0.93,"{""2017"":0.67,""2018"":1.02,""2019"":1.07,""2020"":1.06,""2021"":1.05,""2022"":1.05}",332,"[""12289/Espionage"",""4602/Tricked"",""6665/Astralis"",""9728/maquinas"",""8706/Ignite""]",0,1,0,5,0,0,0,N/A,
YEKINDAR,13915,Mareks Gaļinskis,Latvia,23,1.13,1.07,1568,1262,33734,25043,23475,1.07,59,82.5,1.08,"{""2017"":1.08,""2018"":1.1,""2019"":1.05,""2020"":1.07,""2021"":1.05,""2022"":1.06}",298,"[""5973/Liquid"",""5378/Virtus.pro"",""11595/Outsiders"",""7898/pro100"",""8135/FORZE"",""7489/EPG"",""7340/Wolsung""]",0,4,0,15,0,2,1,8,
boX,13976,Anton Burko,Belarus,28,1.04,0.94,-1572,1438,38551,24790,26362,0.94,43.6,75.1,0.87,"{""2017"":0.96,""2018"":0.96,""2019"":0.94,""2020"":0.94,""2021"":0.93,""2022"":0.95}",351,"[""11331/Websterz"",""7820/GoodJob"",""11787/P2N"",""7969/Nemiga""]",0,0,0,0,0,0,0,N/A,
lollipop21k,13980,Igor Solodkov,Belarus,27,1.13,1.08,2739,1369,36763,27491,24749,1.11,48.8,81.7,1,"{""2017"":1.09,""2018"":1.08,""2019"":1.09,""2020"":1.11,""2021"":1.1,""2022"":0.98}",395,"[""12333/Question Mark"",""11716/Iron Branch"",""11331/Websterz"",""10621/1WIN"",""11219/INDE IRAE"",""7969/Nemiga"",""7820/GoodJob""]",0,0,0,0,0,0,0,N/A,
Forester,13982,Igor Bezotecheskiy,Russia,23,1.08,1.02,1253,1376,36864,25555,24302,1.05,53.7,76.5,1.02,"{""2017"":0.99,""2018"":0.97,""2019"":1,""2020"":1.03,""2021"":1.05,""2022"":1.04}",399,"[""10621/1WIN"",""10831/Entropiq"",""11119/EPG Family"",""11085/ex-Winstrike"",""9183/Winstrike"",""10421/Hard Legion"",""8305/DreamEaters"",""7819/teamasd""]",0,2,0,0,0,0,0,N/A,
ryotzz,13989,Leon Felipe,Brazil,29,1.08,0.99,-154,447,11613,7922,8076,0.98,37.2,80.4,0.78,"{""2017"":0.96,""2018"":1.01,""2019"":0.99}",85,"[""8574/W7M"",""7081/Black Dragons""]",0,0,0,0,0,0,0,N/A,
simix,14018,Robin Bynens,Belgium,28,0.88,0.82,-1569,429,11440,6245,7814,0.8,51.3,62,N/A,"{""2017"":0.89,""2018"":1.14,""2019"":0.89,""2020"":0.81,""2021"":0.81,""2022"":0.85}",138,"[""10999/EC Brugge"",""7848/MAESTRO"",""10162/Tenerife Titans""]",0,0,0,0,0,0,0,N/A,
propleh,14055,Dmitriy Senigov,Russia,26,1.04,0.98,-35,419,11133,7435,7470,1,49.2,74.5,0.96,"{""2017"":0.93,""2018"":0.96,""2019"":0.98,""2020"":1.01,""2021"":0.98}",117,"[""8211/NASR"",""10977/Trident"",""10621/1WIN"",""9182/Monolith"",""7797/Spartak""]",0,0,0,0,0,0,0,N/A,
Jamppi,14087,Elias Olkkonen,Finland,22,1.15,1.12,1408,503,13449,10302,8894,1.16,31.8,78.2,1,"{""2017"":1.13,""2018"":1.07,""2019"":1.19}",173,"[""4869/ENCE"",""8504/SJ""]",0,0,0,0,0,0,0,N/A,
sjuush,14148,Rasmus Beck,Denmark,24,1.09,1.03,1093,999,26490,18070,16977,1.06,51.4,75.3,1.05,"{""2017"":1.15,""2018"":1.08,""2019"":1.02,""2020"":1.04,""2021"":1,""2022"":1}",292,"[""7175/Heroic"",""8362/MAD Lions"",""4602/Tricked"",""7669/Squared""]",0,4,3,22,0,0,0,N/A,
RAiLWAY,14161,Artem Gradovich,Russia,27,0.99,0.93,-1059,577,15627,10367,11426,0.91,52.6,75.1,0.8,"{""2017"":0.92,""2018"":0.97,""2019"":0.9,""2020"":0.94,""2021"":0.99,""2022"":0.95}",130,"[""7244/K23"",""12044/Boston crab"",""11861/Aurora"",""11219/INDE IRAE"",""11492/GMT"",""11035/GLADIATORS"",""8669/Espada"",""9567/tomorrow will be better"",""9055/WINside""]",0,0,0,0,0,0,0,N/A,
misutaaa,14176,Kévin Rabier,France,20,1.01,0.96,-416,625,16725,10737,11153,0.96,53.3,69.3,0.97,"{""2017"":0.92,""2018"":0.66,""2019"":1.2,""2020"":0.94,""2021"":0.98,""2022"":0.94}",173,"[""11283/Falcons"",""9565/Vitality""]",0,2,1,11,0,0,0,N/A,
coolio,14202,András Fercsák,Hungary,23,0.94,0.9,-697,451,12044,7043,7740,0.91,54,64.4,0.77,"{""2017"":0.97,""2019"":0.9,""2020"":0.89,""2021"":0.91,""2022"":0.9}",167,"[""12382/RUBIK"",""12313/ex-DomiNation"",""12182/DomiNation"",""11001/ONYX"",""9802/Budapest Five"",""9939/Salamander""]",0,0,0,0,0,0,0,N/A,
Shakezullah,14203,Alan Hardeman,United States,25,1,0.94,-446,860,22392,13755,14201,0.97,42.3,68.8,0.82,"{""2017"":0.96,""2018"":1,""2019"":0.95,""2020"":0.89,""2021"":0.95,""2022"":0.96}",288,"[""9799/Bad News Bears"",""10304/Triumph"",""6978/Singularity"",""9176/iNTACT""]",0,0,0,0,0,0,0,N/A,
R0b3n,14205,Roberts Čigauskis,Latvia,21,1.04,1,208,530,13950,9481,9273,1.02,49.7,74.4,0.84,"{""2017"":1.12,""2018"":1.1,""2019"":0.97,""2020"":0.95,""2021"":0.96}",173,"[""11788/Neon Rangers"",""11652/Looking For Org"",""11347/Storm Wolves"",""11025/CrowCrowd"",""10929/ex-ETHEREAL"",""10673/ETHEREAL"",""9287/Unique"",""7017/Space Jam""]",0,0,0,0,0,0,0,N/A,
Plopski,14218,Nicolas Gonzalez Zamora,Sweden,21,1.07,1.01,753,1167,31055,21283,20530,1.04,41.7,76.1,0.99,"{""2017"":1.1,""2018"":1.05,""2019"":1.06,""2020"":1,""2021"":0.93,""2022"":0.93}",344,"[""6902/GODSENT"",""4411/Ninjas in Pyjamas"",""6685/Ancient"",""9481/x6tence Galaxy"",""6978/Singularity"",""4468/x6tence""]",0,2,0,20,0,0,0,N/A,
kaper,14221,Kacper Słoma,Poland,27,1.02,0.96,-168,536,14240,9154,9322,0.98,44.2,72.1,0.96,"{""2017"":0.93,""2018"":0.99,""2019"":0.96}",167,"[""10753/GRAFICIARZE"",""10426/Wisla Krakow"",""8911/adwokacik"",""8068/AGO"",""6134/Kinguin""]",0,0,0,2,0,0,0,N/A,
iDISBALANCE,14273,Artem Egorov,Russia,26,1.13,1.07,2746,1067,28480,20231,17485,1.16,26.8,73.3,1.02,"{""2017"":1.05,""2018"":1.1,""2019"":1.05,""2020"":1.06,""2021"":1.09,""2022"":1.13}",291,"[""11883/9 Pandas"",""7244/K23"",""7969/Nemiga"",""7020/Spirit"",""8772/Syman"",""7472/Ha MaSSe""]",0,0,0,0,0,0,0,N/A,
SkulL,14290,Jordan Newland,Australia,25,1.01,0.93,-1200,666,17402,11403,12603,0.9,42.5,75.5,0.81,"{""2017"":0.98,""2018"":0.9,""2019"":0.93,""2020"":0.89,""2021"":0.97,""2022"":0.94}",146,"[""11354/The Big Dogs"",""11624/Antic"",""10711/Overt"",""7972/R!OT"",""10205/Bizarre"",""6010/Chiefs"",""10505/ex-Genuine"",""9747/Genuine"",""8826/Taboo"",""7967/Masterminds""]",0,0,0,0,0,0,0,N/A,
hazr,14294,Jared O'Bree,Australia,21,1.14,1.08,1458,887,22650,16851,15393,1.09,55.9,81,0.87,"{""2017"":1.01,""2018"":1.03,""2019"":1.09,""2020"":1.08,""2021"":1.2,""2022"":0.98}",196,"[""10672/VERTEX"",""11726/Encore"",""11300/Looking For Org"",""6158/Dire Wolves"",""5293/AVANT"",""9484/Breakaway"",""7212/Dark Sided""]",0,0,0,0,0,0,0,N/A,
H4RR3,14311,Haris Hadzic,Norway,26,1.03,0.95,-818,692,18591,12252,13070,0.94,50.1,75.2,0.95,"{""2017"":0.97,""2018"":0.9,""2019"":0.93,""2020"":0.92,""2021"":1.01,""2022"":0.97}",215,"[""11641/Metizport"",""10943/777"",""5422/Dignitas"",""8769/Nordavind"",""8537/Kingpins""]",0,0,0,0,0,0,0,N/A,
w1nt3r,14359,Alikhan Kopzhanov,Kazakhstan,25,1,0.96,-204,629,16912,10888,11092,0.98,49.2,72.3,0.9,"{""2017"":1.07,""2018"":1,""2019"":0.97,""2020"":0.99,""2021"":0.95,""2022"":0.95}",248,"[""12332/TEMP"",""8120/AVANGAR"",""9287/Unique"",""11262/ex-100PG"",""10525/100PG"",""10097/Se7en"",""7567/BOOT-d[S]""]",0,0,0,0,0,0,0,N/A,
Patrick,14380,Ivan Ivanov,Bulgaria,24,0.98,0.92,-1062,612,16498,10463,11525,0.91,54.7,70.7,0.83,"{""2017"":0.72,""2019"":1.04,""2020"":0.95,""2021"":0.89,""2022"":0.95}",165,"[""12000/500"",""11800/NeedDOCTOR"",""9863/FATE""]",0,0,0,0,0,0,0,N/A,
The eLiVe,14388,Erik Sith,Slovakia,24,1.01,0.96,-442,748,20401,13037,13479,0.97,51.9,71.8,0.83,"{""2017"":1.05,""2018"":0.93,""2019"":0.98,""2020"":0.96,""2021"":0.98,""2022"":0.96}",239,"[""10695/Sampi"",""10873/Enterprise"",""5412/eSuba"",""7442/Universe"",""4978/GUNRUNNERS""]",0,0,0,0,0,0,0,N/A,
WOOD7,14390,Adriano Cerato,Brazil,28,1.02,0.96,113,715,18728,11747,11634,1.01,30,69.3,0.75,"{""2017"":0.81,""2018"":0.87,""2019"":0.96,""2020"":1,""2021"":1.04,""2022"":0.95}",272,"[""11768/ODDIK"",""11837/Fluxo"",""9215/MIBR"",""10605/Bravos"",""10267/RUFUS"",""7176/RED Canids"",""8051/C4""]",0,2,0,0,0,0,0,N/A,
Tuurtle,14394,Matheus Anhaia,Brazil,24,1.08,1.02,682,989,26076,18054,17372,1.04,56.2,76,0.87,"{""2017"":0.32,""2018"":0.99,""2019"":0.97,""2020"":0.94,""2021"":1.12,""2022"":0.99}",221,"[""11768/ODDIK"",""9215/MIBR"",""10605/Bravos"",""8574/W7M"",""8902/DETONA"",""8051/C4""]",0,1,0,0,0,0,0,N/A,
roeJ,14419,Fredrik Jørgensen,Denmark,29,1.14,1.05,1391,1051,27827,20470,19079,1.07,54.8,82.7,1.06,"{""2017"":1.01,""2018"":1.02,""2019"":1.1,""2020"":0.97,""2021"":1.09,""2022"":1.07}",221,"[""4991/fnatic"",""7461/Copenhagen Flames"",""8362/MAD Lions"",""4602/Tricked"",""8010/Odense""]",0,4,1,13,0,0,0,N/A,
kai,14445,Kaique Guidotti,Brazil,28,1.07,1.02,415,483,12692,8814,8399,1.05,35.3,75.9,N/A,"{""2017"":1.41,""2018"":1,""2019"":1,""2020"":1.04}",159,"[""11420/Los Grandes"",""11398/BIGODES"",""10605/Bravos"",""10267/RUFUS"",""7176/RED Canids"",""8051/C4""]",0,0,0,0,0,0,0,N/A,
junior,14494,Paytyn Johnson,United States,22,1.13,1.1,2001,600,15727,11264,9263,1.22,28.9,72.1,0.96,"{""2017"":0.48,""2019"":1,""2020"":1.08,""2021"":1.11,""2022"":1.04}",257,"[""10399/Evil Geniuses"",""11735/EG Black"",""5005/Complexity"",""8297/FURIA"",""9799/Bad News Bears"",""10304/Triumph"",""10463/Recon 5""]",0,1,0,0,0,0,0,N/A,
droid,14495,Damian Boulware,United States,23,1.02,0.98,-53,544,14024,9347,9400,0.99,46.9,73.4,N/A,"{""2017"":0.93,""2018"":0.92,""2019"":0.96,""2020"":0.96,""2021"":1,""2022"":0.99}",249,"[""12277/Rocket"",""10464/timbermen"",""11934/Iron Blood"",""11613/Snakes Den"",""11655/Imperial"",""11358/Valors"",""9875/Big Chillin"",""6987/Eclipse"",""10676/AA"",""10391/Faint"",""8085/Final Feature""]",0,0,0,0,0,0,0,N/A,
ekul,14505,Luke Blakey,Australia,28,1.14,1.1,986,452,11703,8895,7909,1.12,36.6,80,0.68,"{""2017"":1.09,""2018"":0.92,""2019"":1.04,""2020"":1.14,""2021"":1.18}",145,"[""8668/ORDER"",""7983/Paradox"",""5607/SYF"",""7970/Astral Influence"",""5290/TRIDENT""]",0,0,0,0,0,0,0,N/A,
Marcelious,14602,Ole Kristian Langan,Norway,24,1.08,1.05,692,525,14160,10070,9378,1.07,31.4,74.1,0.83,"{""2017"":1.1,""2018"":1.07,""2019"":1.11,""2020"":1.03,""2021"":1.02,""2022"":1.07}",228,"[""11834/SKADE X"",""10942/Oilers"",""11607/BIOS"",""10943/777"",""9806/Apeks"",""8537/Kingpins"",""8473/NOREG""]",0,0,0,0,0,0,0,N/A,
Infinite,14619,Gage Green,United States,25,1.15,1.09,2106,986,25813,19044,16938,1.12,51.2,80.9,0.96,"{""2017"":1.02,""2018"":1.14,""2019"":1.12,""2020"":1.09,""2021"":1.09,""2022"":1}",368,"[""12375/Forsaken"",""11298/Strife"",""10462/Brazen"",""11254/ONET4P"",""11491/Orgless"",""8038/Party Astronauts"",""10463/Recon 5"",""10017/Rugratz"",""6238/Ze Pug Godz"",""10618/Orgless"",""7612/Ben's Anime Team"",""9945/Lazarus"",""9566/Spacestation"",""8718/AZIO"",""5422/Dignitas"",""8677/Etherian"",""7878/CLG Academy""]",0,0,0,0,0,0,0,N/A,
jedqr,14684,Grzegorz Jędras,Poland,24,1.08,1.02,808,938,25273,17436,16628,1.05,53.3,77.4,0.96,"{""2017"":0.85,""2018"":0.95,""2019"":1,""2020"":1.01,""2021"":1.03}",295,"[""8064/undefined"",""8068/AGO"",""10426/Wisla Krakow"",""8911/adwokacik"",""8846/x-kom""]",0,0,0,0,0,0,0,N/A,
dgt,14736,Franco Garcia,Uruguay,22,1.15,1.12,2097,589,15585,11511,9414,1.22,49.9,77.9,1.03,"{""2017"":0.85,""2018"":1.15,""2019"":1.09,""2020"":1.04,""2021"":1.15,""2022"":1.16}",204,"[""9996/9z"",""8121/Malvinas""]",0,2,0,0,0,0,0,N/A,
meyern,14737,Ignacio Meyer,Argentina,20,1.1,1.07,993,597,15681,11294,10301,1.1,54.1,76.4,0.91,"{""2017"":0.92,""2018"":1.1,""2019"":1.17,""2020"":0.96,""2021"":1.1,""2022"":1.06}",196,"[""12144/BESTIA"",""7653/Isurus"",""11044/Leviatan"",""6799/Furious"",""9996/9z"",""9215/MIBR"",""8113/Sharks""]",0,0,0,0,0,0,0,N/A,
iM,14759,Mihai Ivan,Romania,24,1.12,1.05,1152,958,25697,18980,17828,1.06,47.3,82.1,1.05,"{""2017"":0.78,""2018"":0.96,""2019"":1.06,""2020"":1.08,""2021"":1.07,""2022"":1.07}",282,"[""4608/Natus Vincere"",""9928/GamerLegion"",""7187/Nexus""]",0,2,0,1,0,0,0,N/A,
brett,14799,Brett Rhein,United States,25,1.04,0.97,-435,492,12925,8997,9432,0.95,45.8,79.3,0.6,"{""2017"":0.8,""2018"":0.53,""2019"":0.88,""2020"":0.97,""2021"":0.94,""2022"":1.01}",118,"[""12257/Wildcard"",""11336/Detonate"",""11599/BHOP"",""11254/ONET4P"",""11298/Strife"",""10469/Third Impact"",""10916/Veloz"",""10719/Warriors International""]",0,0,0,0,0,0,0,N/A,
JDC,14929,Jon de Castro,Germany,23,1.05,1,171,635,16630,11269,11098,1.02,51,74.8,0.95,"{""2017"":0.84,""2018"":1.03,""2019"":0.99,""2020"":1.04,""2021"":1.09,""2022"":0.98}",157,"[""4494/MOUZ"",""11176/MOUZ NXT"",""9812/Unicorns of Love"",""9393/expert"",""6693/PANTHERS""]",0,2,0,9,0,0,0,N/A,
faveN,14932,Josef Baumann,Germany,23,1.12,1.08,3207,1503,40225,29427,26220,1.12,54.5,78,1.02,"{""2017"":0.95,""2018"":1.13,""2019"":1.03,""2020"":1.08,""2021"":1.13,""2022"":1}",497,"[""7532/BIG"",""8637/Sprout"",""6343/EURONICS"",""7425/DIVIZON""]",0,1,0,9,0,0,0,N/A,
void,14954,Cooper Farrell,Australia,22,1.03,1,124,438,11398,7874,7750,1.02,40,74.1,0.87,"{""2017"":0.89,""2018"":1.01,""2019"":1.01,""2020"":1.02}",138,"[""8536/Ground Zero"",""7212/Dark Sided"",""8321/SIN""]",0,0,0,0,0,0,0,N/A,
Mayker,14957,Daryl May,Australia,24,1.01,0.97,-220,433,11216,7380,7600,0.97,49.1,72.9,0.82,"{""2017"":0.61,""2018"":0.9,""2019"":0.99,""2020"":0.98}",123,"[""8796/lol123"",""6010/Chiefs"",""8536/Ground Zero"",""10505/ex-Genuine"",""9747/Genuine"",""8833/Surge""]",0,0,0,0,0,0,0,N/A,
Cooper,15007,Austin Abadir,United States,29,1.12,1.09,2218,884,23018,16995,14777,1.15,32.7,74.4,1,"{""2017"":1.05,""2018"":1.1,""2019"":1.08,""2020"":1.1,""2021"":1.08,""2022"":1.08}",308,"[""5479/Mythic"",""10304/Triumph"",""6238/Ze Pug Godz"",""7726/Swole Patrol"",""7106/eUnited""]",0,0,0,0,0,0,0,N/A,
interz,15071,Timofey Yakushin,Russia,22,0.99,0.94,-160,907,24194,13904,14064,0.99,49.5,62.8,0.94,"{""2017"":0.99,""2018"":1,""2019"":0.97,""2020"":0.94,""2021"":0.91,""2022"":0.95}",250,"[""5752/Cloud9"",""11616/Players"",""6651/Gambit"",""9976/Gambit Youngsters""]",0,3,1,11,0,0,0,N/A,
nin9,15072,Yesuntumur Gantulga,Mongolia,25,1.09,1.05,808,472,12422,8678,7870,1.1,36.9,74.9,0.64,"{""2017"":0.94,""2018"":1.01,""2019"":1.09,""2020"":1.03,""2021"":1.11,""2022"":1.03}",178,"[""11135/NKT"",""11585/IHC"",""10796/Checkmate"",""11059/Renewal"",""10661/TIGER"",""10051/Mazaalai"",""9507/Storm Rider"",""6248/TheMongolz""]",0,1,0,0,0,0,0,N/A,
PwnAlone,15090,Josh Pigue,United States,32,1.14,1.1,2775,1042,27236,19900,17125,1.16,31,76.2,0.94,"{""2017"":1.14,""2018"":1.09,""2019"":1.05,""2020"":1.09,""2021"":1.1,""2022"":1.13}",405,"[""8038/Party Astronauts"",""11734/EG White"",""10611/High Coast"",""9888/New England Whalers"",""9161/Vireo.pro"",""8378/LFAO""]",0,0,0,0,0,0,0,N/A,
grux,15096,Denis Gutaj,Sweden,23,1.04,1.01,230,496,13236,9212,8982,1.03,67.1,73.8,0.95,"{""2017"":0.98,""2018"":1.03,""2019"":0.99,""2020"":1.01,""2021"":1.03}",124,"[""11401/Savage"",""10764/Galaxy Racer"",""8543/MANS NOT HOT"",""10748/ex-SMASH"",""10315/SMASH"",""6685/Ancient"",""9855/Uruguay"",""7613/Red Reserve"",""8997/PAPERPLANES""]",0,0,0,0,0,0,0,N/A,
Keoz,15117,Nicolas Dgus,Belgium,22,1.02,0.96,-942,997,26568,17747,18689,0.95,54.8,74.3,0.91,"{""2017"":1.08,""2018"":1.04,""2019"":0.93,""2020"":0.99,""2021"":0.97,""2022"":0.94}",220,"[""9928/GamerLegion"",""11283/Falcons"",""11503/Akimbo"",""4674/LDLC"",""7244/K23"",""8772/Syman""]",0,3,0,1,0,0,0,N/A,
JiNKZ,15120,Gaëtan Jamin,France,28,0.97,0.89,-1193,542,14411,8657,9850,0.88,53.5,69.7,0.9,"{""2017"":0.96,""2018"":0.91}",119,"[""4674/LDLC"",""8346/Heretics"",""10035/FrenchFrogs"",""9896/ex-3DMAX"",""4914/3DMAX"",""9099/NOBO"",""7242/dizLown""]",0,0,0,0,0,0,0,N/A,
blameF,15165,Benjamin Bremer,Denmark,26,1.23,1.16,4622,1078,28921,22115,17493,1.26,38.9,85.5,1.16,"{""2017"":1.17,""2018"":1.23,""2019"":1.12,""2020"":1.16,""2021"":1.1,""2022"":1.18}",485,"[""6665/Astralis"",""5005/Complexity"",""7175/Heroic"",""4688/Epsilon"",""8971/Great Danes""]",0,1,0,16,1,3,1,6,
Twixie,15180,Samuli Herrala,Finland,21,1,0.94,-780,767,20821,13187,13967,0.94,48,71.6,0.93,"{""2017"":0.88,""2018"":0.96,""2019"":0.93,""2020"":0.9,""2021"":0.97}",215,"[""9648/KOVA"",""7865/HAVU"",""8504/SJ""]",0,0,0,0,0,0,0,N/A,
reiko,15203,Kamil Cegiełko,Poland,23,1.13,1.07,768,637,17150,12990,12222,1.06,47.3,84.1,1.13,"{""2017"":0.84,""2019"":0.94,""2020"":0.98,""2021"":1.11,""2022"":1.09}",204,"[""10973/Anonymo"",""12234/ex-HONORIS"",""10737/HONORIS""]",0,0,0,0,0,0,0,N/A,
Vegi,15204,Arek Nawojski,Poland,23,1.04,1,-119,932,25619,17801,17920,0.99,48.2,76.9,0.95,"{""2017"":1.06,""2018"":1.02,""2019"":0.95,""2020"":1.01,""2021"":1.02,""2022"":1.01}",249,"[""12371/ORKS"",""12239/Into the Win"",""12201/Gentlefolk"",""10973/Anonymo"",""11485/ex-Izako Boars"",""7681/Izako Boars"",""8248/PACT"",""8813/Illuminar"",""5378/Virtus.pro""]",0,0,0,2,0,0,0,N/A,
Swahn,15255,Christopher Swahn,United States,25,1.07,1.03,599,489,12881,8925,8326,1.07,26.2,71.9,0.92,"{""2017"":0.49,""2018"":1.15,""2019"":1.04,""2020"":0.91,""2021"":1.06}",207,"[""11502/Disconnected"",""11599/BHOP"",""11826/Vendetta"",""9799/Bad News Bears"",""11336/Detonate"",""11132/CENSRD"",""10744/Levitate"",""7885/Bushido Boyz"",""9926/Chris and the boys"",""9176/iNTACT""]",0,0,0,0,0,0,0,N/A,
maNkz,15349,Marcus Kjeldsen,Denmark,25,1.02,0.94,-1109,961,25914,16564,17673,0.94,52.4,73.1,0.95,"{""2017"":0.75,""2018"":0.81,""2019"":0.84,""2020"":0.95,""2021"":0.97,""2022"":0.92}",267,"[""12376/M80"",""11419/ECSTATIC"",""8963/Lyngby Vikings"",""7461/Copenhagen Flames"",""4468/x6tence""]",0,0,0,0,0,0,0,N/A,
REDSTAR,15369,Hristiyan Pironkov,Bulgaria,21,1.11,1.06,1702,840,22434,15898,14196,1.12,49.4,75.5,1,"{""2017"":1,""2018"":1.04,""2019"":1.08,""2020"":0.99,""2021"":1.08,""2022"":1.02}",312,"[""12000/500"",""11026/VOYVODA"",""11811/Monte"",""11665/ex-MAD Lions"",""11524/Enough"",""11066/Fiend"",""10848/MBAPPEEK"",""5347/BLUEJAYS"",""6762/Bpro""]",0,0,0,0,0,0,0,N/A,
slaxz-,15370,Fritz Dietrich,Germany,24,1.11,1.07,2702,1158,31483,22048,19346,1.14,29.2,72.4,0.95,"{""2017"":0.91,""2018"":1.06,""2019"":1.04,""2020"":1.12,""2021"":1.06,""2022"":1.02}",433,"[""4501/ALTERNATE aTTaX"",""8637/Sprout""]",0,1,0,0,0,0,0,N/A,
KalubeR,15385,Kalin Erenditsov,Bulgaria,22,1.06,1.02,407,504,13571,9402,8995,1.05,51.6,75.5,0.95,"{""2017"":0.79,""2018"":0.46,""2019"":1.04,""2020"":1.03,""2021"":0.96,""2022"":1.04}",144,"[""12000/500"",""12249/ex-Partizan"",""11838/Partizan"",""11570/WinX"",""10386/SKADE"",""10276/Finest"",""9863/FATE""]",0,0,0,0,0,0,0,N/A,
Viva,15419,Lifan Ran,China,23,1.06,1.01,480,597,15834,10605,10125,1.05,46,71.9,0.83,"{""2017"":0.91,""2018"":1.01,""2019"":1.03,""2020"":1.01,""2021"":0.98}",244,"[""7966/Invictus"",""10472/R-Stars"",""7092/5POWER"",""6503/CyberZen"",""7716/UYA""]",0,0,0,0,0,0,0,N/A,
Goofy,15428,Krzysztof Górski,Poland,22,1.08,1.02,553,1398,37856,26486,25933,1.02,40.6,77.8,1,"{""2017"":0.91,""2018"":1.04,""2019"":0.98,""2020"":1.02,""2021"":1.05,""2022"":1.01}",419,"[""10278/9INE"",""10426/Wisla Krakow"",""8248/PACT"",""8846/x-kom"",""7253/VenatoreS""]",0,1,0,0,0,0,0,N/A,
b0denmaster,15501,Jonathan Bodenmalm,Sweden,25,1.07,1.02,819,778,20736,14128,13309,1.06,32.4,72.3,0.79,"{""2017"":1.13,""2018"":1.12,""2019"":1,""2020"":0.99,""2021"":1.01,""2022"":1.09}",270,"[""9943/ATK"",""9735/Lilmix""]",0,0,0,0,0,0,0,N/A,
SADDYX,15563,Tuomas Louhimaa,Finland,22,1.03,0.96,-341,653,17513,11526,11867,0.97,47.7,74.7,0.92,"{""2017"":0.9,""2018"":0.94,""2019"":0.96,""2020"":1,""2021"":0.98}",143,"[""11520/temp"",""8504/SJ""]",0,0,0,0,0,0,0,N/A,
spargo,15565,Jarkko Rahja,Finland,22,1.04,1.02,455,569,15537,10616,10161,1.04,32.4,69.4,1.02,"{""2017"":0.8,""2018"":0.98,""2019"":1,""2020"":1.07,""2021"":1.02,""2022"":1.02}",195,"[""7865/HAVU"",""9648/KOVA"",""10116/hREDS""]",0,0,0,0,0,0,0,N/A,
Sapec,15569,Anton Palmgren,Sweden,20,1.04,0.97,-504,741,19941,13581,14085,0.96,52.3,76.2,0.85,"{""2017"":1.15,""2018"":1.03,""2019"":1.05,""2020"":1.01,""2021"":0.95,""2022"":1.01}",162,"[""11737/EYEBALLERS"",""4762/Hellslayers"",""10960/Young Ninjas""]",0,0,0,0,0,0,0,N/A,
KSCERATO,15631,Kaike Cerato,Brazil,23,1.19,1.14,4213,1016,26533,19557,15344,1.27,49.1,79.5,1.15,"{""2017"":0.9,""2018"":1.21,""2019"":1.16,""2020"":1.1,""2021"":1.13,""2022"":1.13}",442,"[""8297/FURIA""]",0,6,0,19,0,3,1,9,
dezon,15639,Adam Wahlqvist,Sweden,25,1.01,0.95,-248,555,14946,9363,9611,0.97,52.4,70,1.04,"{""2017"":1.13,""2018"":1.18,""2019"":1.16,""2020"":0.92,""2021"":0.95}",200,"[""11321/Kappa Bar"",""11401/Savage"",""10764/Galaxy Racer"",""7144/Japaleno""]",0,0,0,0,0,0,0,N/A,
zorte,15662,Aleksandr Zagodyrenko,Russia,25,1.14,1.11,3431,1006,27053,19527,16096,1.21,35.9,73,1.07,"{""2017"":1.32,""2018"":1.01,""2019"":1.16,""2020"":1.1,""2021"":1.1,""2022"":1.13}",397,"[""12394/BetBoom"",""8135/FORZE"",""10929/ex-ETHEREAL"",""10673/ETHEREAL"",""9287/Unique"",""9120/Atlants""]",0,2,0,0,0,0,0,N/A,
SLOWLY,15683,Kelun Sun,China,21,1.11,1.05,672,569,15083,10944,10272,1.07,59,79,0.95,"{""2017"":0.75,""2018"":0.98,""2019"":1.13,""2020"":1.05,""2021"":1.05}",159,"[""4863/TYLOO"",""7024/EHOME""]",0,1,0,0,0,0,0,N/A,
Sidney,15697,Patryk Korab,Poland,25,1,0.94,-575,603,16222,10096,10671,0.95,49.8,71.6,0.84,"{""2017"":1.03,""2018"":0.96,""2019"":0.99,""2020"":0.87,""2021"":0.89}",231,"[""11387/UNGENTIUM"",""8813/Illuminar"",""8068/AGO"",""8248/PACT""]",0,0,0,0,0,0,0,N/A,
dumau,15698,Eduardo Wolkmer,Brazil,19,1.15,1.09,1668,618,16408,12021,10353,1.16,41.8,80.3,0.98,"{""2017"":0.87,""2018"":1.02,""2019"":1.06,""2020"":1.12,""2021"":1.08,""2022"":1.13}",210,"[""11309/00NATION"",""6902/GODSENT"",""8728/Yeah"",""9803/Evidence""]",0,2,0,0,0,0,0,N/A,
nawrot,15726,Piotr Nawrocki,Poland,24,0.92,0.87,-1769,606,16271,9801,11570,0.85,47.1,66.1,0.75,"{""2017"":0.89,""2018"":1.01,""2019"":0.85,""2020"":0.84,""2021"":0.73}",153,"[""11493/MONKE"",""11216/Dolej Miodu"",""10992/TPT"",""9797/AVEZ"",""7681/Izako Boars""]",0,0,0,0,0,0,0,N/A,
SENER1,15778,Sener Mahmuti,Kosovo,26,0.96,0.9,-1016,573,15319,9164,10180,0.9,52.5,68.8,0.88,"{""2017"":0.8,""2018"":1.07,""2019"":0.9,""2020"":0.99,""2021"":0.9,""2022"":0.93}",205,"[""11518/Bad News Eagles"",""10697/BLINK""]",0,3,0,0,0,0,0,N/A,
K1-FiDa,15818,Filip Dvořák,Czech Republic,27,0.95,0.89,-999,504,13352,7827,8826,0.89,43.3,67.9,0.95,"{""2017"":0.99,""2019"":0.91,""2020"":0.89,""2021"":0.85,""2022"":0.9}",176,"[""7441/ECLOT""]",0,0,0,0,0,0,0,N/A,
NEOFRAG,15821,Adam Zouhar,Czech Republic,22,1.14,1.07,1246,846,22712,16613,15367,1.08,49.6,83.4,1,"{""2017"":1.12,""2018"":1.12,""2019"":1.14,""2020"":1.15,""2021"":1.1,""2022"":1.02}",221,"[""11164/Into the Breach"",""10503/OG"",""10577/SINNERS"",""7442/Universe""]",0,2,0,7,0,0,0,N/A,
imoRR,15835,Ömer Karataş,Turkey,23,1.1,1.02,226,818,22023,15765,15539,1.01,50,78.7,1.03,"{""2017"":1.17,""2018"":1,""2019"":1.07,""2020"":1.04,""2021"":1.04,""2022"":0.99}",210,"[""11251/Eternal Fire"",""10333/Sangal"",""10593/Demolition Crew"",""8698/Demise"",""8263/Royal Bandits""]",0,1,0,0,0,0,0,N/A,
Enzo,15901,Karol Lasota,Poland,25,1.05,0.98,-92,418,11353,7642,7734,0.99,43.3,76.1,0.87,"{""2017"":0.95,""2018"":0.82,""2020"":0.85,""2021"":0.9,""2022"":1.05}",163,"[""10854/los kogutos"",""8068/AGO"",""11511/AzerbejdzanPL"",""11485/ex-Izako Boars"",""7681/Izako Boars"",""8572/Codewise Unicorns""]",0,0,0,0,0,0,0,N/A,
Sobol,15940,Kamil Sobolewski,Poland,25,1.1,1.05,1691,1080,29295,20957,19266,1.09,51.9,78.4,1.03,"{""2017"":0.97,""2018"":0.96,""2019"":1.03,""2020"":1.06,""2021"":1.11,""2022"":1.06}",415,"[""10973/Anonymo"",""12234/ex-HONORIS"",""10737/HONORIS"",""10426/Wisla Krakow"",""8248/PACT""]",0,0,0,0,0,0,0,N/A,
Peppzor,15949,Peppe Borak,Sweden,21,1.03,0.98,-219,498,13488,9015,9234,0.98,53.8,75.1,0.92,"{""2017"":0.91,""2019"":0.99,""2020"":0.97,""2021"":0.95,""2022"":0.98}",118,"[""11737/EYEBALLERS"",""11195/fnatic Rising"",""4991/fnatic""]",0,0,0,0,0,0,0,N/A,
FRANSSON,15975,Gustav Fransson,Sweden,23,1.05,1.01,205,433,11784,8004,7799,1.03,61.4,76.5,0.73,"{""2017"":0.6,""2020"":0.88,""2021"":0.95,""2022"":1.02}",143,"[""11425/PROSPECTS"",""9735/Lilmix"",""10940/AURA"",""8930/Granit""]",0,0,0,0,0,0,0,N/A,
dycha,16080,Paweł Dycha,Poland,25,1.12,1.06,1455,965,25918,18749,17294,1.08,53,80.9,1.06,"{""2017"":1.04,""2018"":0.88,""2019"":1.1,""2020"":1.08,""2021"":1.04,""2022"":1.03}",290,"[""4869/ENCE"",""8637/Sprout"",""10020/Aristocracy"",""9862/devils.one""]",0,4,1,13,0,0,0,N/A,
NOPEEJ,16102,Filipe Dias,Portugal,21,1.05,1,284,449,11965,8136,7852,1.04,52.8,75.1,0.81,"{""2017"":1.12,""2018"":0.98,""2019"":1.04,""2020"":1.01,""2021"":1.03,""2022"":0.97}",173,"[""7379/FTW"",""9466/GTZ"",""11569/Fourteen"",""11486/SQUAD"",""8515/OFFSET"",""4949/Giants"",""10192/eXploit""]",0,0,0,0,0,0,0,N/A,
stYleEeZ,16186,Pavle Stojanovski,North Macedonia,23,0.97,0.92,-520,432,11615,7098,7618,0.93,38.2,69.3,0.92,"{""2017"":0.88,""2020"":0.91,""2021"":0.95}",134,"[""9802/Budapest Five"",""10509/Juggernauts"",""5347/BLUEJAYS"",""11207/AIRLYA"",""10903/Good Game"",""10344/KINGZZZ""]",0,0,0,0,0,0,0,N/A,
DANK1NG,16207,Zhenghao Lv,China,23,1.2,1.16,1897,457,12106,9531,7634,1.25,39,79.8,1.08,"{""2017"":1.41,""2018"":1.16,""2019"":1.19,""2020"":1.15,""2021"":1.12}",176,"[""4863/TYLOO"",""7024/EHOME"",""9545/BTRG.IMBA"",""9036/IMBA.SAS""]",0,1,0,0,0,0,0,N/A,
pancc,16314,Fillipe Martins,Brazil,25,1.11,1.06,818,602,15875,11462,10644,1.08,53.7,79.9,0.83,"{""2018"":1.07,""2019"":1.09,""2020"":1.07,""2021"":0.99}",179,"[""11044/Leviatan"",""8113/Sharks"",""8574/W7M""]",0,1,0,0,0,0,0,N/A,
Valiance,16323,Matthew Hartrick,Australia,22,1.1,1.06,1162,673,17435,12259,11097,1.1,52,75.8,0.88,"{""2018"":1.08,""2019"":1.06,""2020"":1.02,""2021"":1.12,""2022"":1.02}",212,"[""10672/VERTEX"",""8668/ORDER"",""10041/rewound"",""7983/Paradox""]",0,0,0,0,0,0,0,N/A,
Duplicate,16410,Viktor Mitev,Bulgaria,22,1,0.94,-1111,984,26256,16495,17606,0.94,50.8,72.2,0.92,"{""2018"":0.84,""2019"":1.01,""2020"":0.93,""2021"":0.93,""2022"":1.04}",273,"[""12249/ex-Partizan"",""11838/Partizan"",""11800/NeedDOCTOR"",""11570/WinX"",""10386/SKADE"",""9863/FATE""]",0,0,0,0,0,0,0,N/A,
rafftu,16412,Kostadin Turbinov,Bulgaria,23,1.01,0.95,-437,561,15043,9853,10290,0.96,51.1,71.8,0.9,"{""2018"":0.91,""2019"":0.94,""2020"":0.92,""2021"":1.01,""2022"":1.09}",177,"[""12213/Biskvitki Zakuska"",""11810/Beyond Possible"",""4469/k1ck"",""9863/FATE"",""10386/SKADE"",""6762/Bpro""]",0,0,0,0,0,0,0,N/A,
supra,16415,Anton Tšernobai,Estonia,21,1.05,1,60,603,16242,10772,10712,1.01,58.8,72.7,0.92,"{""2018"":0.86,""2019"":1.02,""2020"":1,""2021"":0.98,""2022"":0.97}",163,"[""11652/Looking For Org"",""12044/Boston crab"",""11985/ex-TITANS"",""11825/TITANS"",""11562/Tokyo Revengers"",""11102/GORILLAZ"",""8769/Nordavind"",""9976/Gambit Youngsters""]",0,0,0,0,0,0,0,N/A,
manguss,16432,Robert Kasper,Czech Republic,22,1.01,0.98,40,436,11752,7641,7601,1.01,41,72.3,0.99,"{""2018"":0.64,""2019"":1.18,""2020"":0.72,""2021"":0.97,""2022"":0.98}",155,"[""10873/Enterprise""]",0,0,0,0,0,0,0,N/A,
capseN,16435,Lukáš Koláčný,Czech Republic,24,1.03,1.01,475,477,12701,8300,7825,1.06,27.6,68.3,0.83,"{""2018"":1,""2019"":0.97,""2020"":0.95,""2021"":1.09}",203,"[""7441/ECLOT"",""11147/Entropiq Prague"",""10831/Entropiq"",""9139/BRUTE""]",0,0,0,0,0,0,0,N/A,
Grus,16462,Sander Iversen,Norway,25,1.01,0.95,-876,623,16974,11277,12153,0.93,63.5,73.5,0.85,"{""2018"":0.85,""2019"":0.99,""2020"":0.94,""2021"":0.95,""2022"":0.96}",169,"[""12244/GEEKZ"",""11834/SKADE X"",""10943/777"",""9806/Apeks"",""8537/Kingpins""]",0,0,0,0,0,0,0,N/A,
ztr,16486,Erik Gustafsson,Sweden,20,0.98,0.93,-823,618,16689,10635,11458,0.93,50.2,71.1,0.84,"{""2018"":0.94,""2019"":0.88,""2020"":0.99,""2021"":0.92,""2022"":0.95}",220,"[""6902/GODSENT"",""10960/Young Ninjas"",""4411/Ninjas in Pyjamas"",""10614/Prima"",""10434/Valorix""]",0,0,0,0,0,0,0,N/A,
eraa,16487,Sean Knutsson,Sweden,21,1.06,1.04,1031,764,20630,14503,13472,1.08,33.6,72.7,0.94,"{""2018"":1.01,""2019"":1.02,""2020"":1.04,""2021"":1.04,""2022"":1.03}",253,"[""10960/Young Ninjas"",""9928/GamerLegion"",""10614/Prima"",""10434/Valorix""]",0,0,0,0,0,0,0,N/A,
kory,16495,Kornél Szedlár,Hungary,25,1.06,0.99,-93,733,19674,13522,13615,0.99,53.7,76.3,0.95,"{""2018"":1.05,""2019"":1.01,""2020"":0.97,""2021"":1,""2022"":0.96}",162,"[""12382/RUBIK"",""12313/ex-DomiNation"",""10333/Sangal"",""9802/Budapest Five"",""9939/Salamander"",""10210/GAMERZONE""]",0,0,0,0,0,0,0,N/A,
Llamas,16529,Luke Merchant,Australia,23,1.01,0.98,-35,460,11797,7758,7793,1,49.3,70.7,0.79,"{""2018"":1.01,""2019"":0.98,""2020"":0.95,""2022"":0.88}",160,"[""8434/Control"",""8536/Ground Zero"",""7983/Paradox"",""10041/rewound"",""9484/Breakaway"",""5607/SYF"",""5869/STREAMLINE""]",0,0,0,0,0,0,0,N/A,
cynic,16546,David Polster,United States,23,1.14,1.08,2112,955,24974,18415,16303,1.13,39.9,80.3,0.98,"{""2018"":1,""2019"":1.04,""2020"":1.08,""2021"":1.11,""2022"":1.06}",322,"[""11948/Nouns"",""11869/Squirtle Squad"",""11571/Gaimin Gladiators"",""11075/ChocoCheck"",""8038/Party Astronauts"",""10304/Triumph"",""10463/Recon 5"",""10791/Positive Vibes Only"",""10744/Levitate"",""10650/Under 21"",""10302/Divine""]",0,0,0,0,0,0,0,N/A,
Westmelon,16551,Zhe Niu,China,22,1.13,1.06,557,419,11054,8095,7538,1.07,59.6,80,1.03,"{""2018"":1.09,""2019"":1.06,""2020"":1.06,""2021"":1.03,""2022"":1.11}",140,"[""8840/Lynn Vision""]",0,0,0,0,0,0,0,N/A,
Ax1Le,16555,Sergey Rykhtorov,Russia,21,1.16,1.1,3045,1100,29325,21441,18396,1.17,48.6,80.7,1.15,"{""2018"":1.09,""2019"":0.99,""2020"":1.13,""2021"":1.11,""2022"":1.13}",320,"[""5752/Cloud9"",""11616/Players"",""6651/Gambit"",""9976/Gambit Youngsters"",""8589/5balls""]",0,3,1,17,3,2,2,4,
Psycho,16563,Alexandr Zlobin,Ukraine,26,0.95,0.89,-1081,516,13757,8346,9427,0.89,52.2,70.1,0.8,"{""2018"":1,""2019"":0.96,""2020"":0.86,""2021"":0.88}",97,"[""11385/Run or Die"",""11148/Akuma"",""11131/WaitForTag"",""10473/Project X"",""10150/CR4ZY"",""8898/Windigo Academy""]",0,0,0,0,0,0,0,N/A,
Swisher,16599,Michael Schmid,United States,24,1.11,1.05,1022,931,24474,17753,16731,1.06,47.9,80.9,0.92,"{""2018"":1.03,""2019"":0.99,""2020"":0.98,""2021"":1.04,""2022"":1.09}",275,"[""12376/M80"",""12345/ex-ATK"",""9943/ATK"",""11491/Orgless"",""9799/Bad News Bears"",""8728/Yeah"",""7841/Monstars"",""10017/Rugratz"",""9849/Zone""]",0,0,0,0,0,0,0,N/A,
n0rb3r7,16612,David Danielyan,Russia,22,1.09,1.04,804,1141,30474,21697,20893,1.04,50.8,79.2,0.99,"{""2018"":1.08,""2019"":0.98,""2020"":1.05,""2021"":1.09,""2022"":0.99}",323,"[""5378/Virtus.pro"",""11595/Outsiders"",""7244/K23"",""8772/Syman"",""9183/Winstrike"",""9055/WINside""]",1,2,1,4,0,0,0,N/A,
drg,16645,Rodrigo Ausenka,Brazil,24,1,0.94,-528,480,12673,8098,8626,0.94,54.5,70.8,1.02,"{""2018"":0.89,""2019"":0.92,""2020"":0.99,""2021"":1.01,""2022"":0.91}",157,"[""8113/Sharks"",""11567/B4"",""10815/Liberty"",""9902/Redemption POA""]",0,0,0,0,0,0,0,N/A,
Bwills,16647,Brendan Williams,United States,22,1.1,1.05,1462,1070,28042,19837,18375,1.08,50.5,78.2,0.91,"{""2018"":1,""2019"":1.01,""2020"":1.05,""2021"":1.08,""2022"":1.04}",385,"[""11948/Nouns"",""11869/Squirtle Squad"",""11571/Gaimin Gladiators"",""11491/Orgless"",""9799/Bad News Bears"",""10304/Triumph"",""9888/New England Whalers"",""10791/Positive Vibes Only"",""10744/Levitate"",""10650/Under 21"",""10261/Rap Gang"",""9615/Thunder Logic"",""9379/Infamous""]",0,0,0,0,0,0,0,N/A,
flameZ,16693,Shahar Shushan,Israel,20,1.12,1.05,661,569,15238,10844,10183,1.06,52.5,79,1.05,"{""2018"":1.05,""2019"":1.05,""2020"":1.09,""2021"":1.04,""2022"":1.03}",186,"[""9565/Vitality"",""10503/OG"",""7234/Endpoint"",""8909/Aequus""]",0,2,0,9,0,0,0,N/A,
Fessor,16718,Frederik Sørensen,Denmark,22,1.09,1.03,350,468,12573,9054,8704,1.04,57.4,80.8,0.95,"{""2018"":0.58,""2019"":0.98,""2020"":0.96,""2021"":1,""2022"":1.08}",129,"[""12334/Preasy"",""7234/Endpoint"",""11811/Monte"",""10954/Astralis Talent"",""11281/South"",""11084/HYENAS"",""5347/BLUEJAYS"",""7674/Ambush"",""9754/FASTLOSE""]",0,0,0,0,0,0,0,N/A,
Cabbi,16723,Casper Jensen,Denmark,25,1.04,1,-158,712,19061,13383,13541,0.99,55.9,75.9,0.98,"{""2018"":1.15,""2019"":0.99,""2020"":1.02,""2021"":0.92,""2022"":1.02}",190,"[""12289/Espionage"",""11419/ECSTATIC"",""10867/MASONIC"",""11536/ex-AGF"",""8704/AGF"",""8963/Lyngby Vikings""]",0,0,0,0,0,0,0,N/A,
phzy,16726,Love Smidebrant,Sweden,20,1.07,1.04,1080,648,17517,11942,10862,1.1,28.6,71.9,0.94,"{""2018"":0.72,""2019"":1.12,""2020"":1.01,""2021"":1.04,""2022"":1.03}",246,"[""10333/Sangal"",""4411/Ninjas in Pyjamas"",""10960/Young Ninjas""]",0,0,0,4,0,0,0,N/A,
IceBerg,16731,Oliver Berg,Denmark,22,0.94,0.87,-2244,692,18418,11618,13862,0.84,52.4,72.2,0.83,"{""2018"":0.8,""2019"":0.83,""2020"":0.9,""2021"":0.86,""2022"":0.9}",115,"[""12289/Espionage"",""4602/Tricked"",""11244/DISKODISKO"",""6978/Singularity"",""7674/Ambush""]",0,0,0,0,0,0,0,N/A,
realz1n,16769,Antonio Oliveira,Brazil,28,1.06,0.99,215,749,19831,12945,12730,1.02,49.4,72.5,0.61,"{""2018"":1.05,""2019"":1.03,""2020"":0.99,""2021"":0.9,""2022"":1}",243,"[""11555/UNO MILLE"",""7176/RED Canids"",""11567/B4"",""8113/Sharks"",""8574/W7M"",""8885/FURIA Academy""]",0,1,0,0,0,0,0,N/A,
DANVIET,16775,Daniel Marques,Brazil,23,1.03,0.97,-351,418,10982,7370,7721,0.95,54.5,76.5,0.87,"{""2018"":0.94,""2019"":0.9,""2020"":0.88,""2021"":0.96,""2022"":1}",111,"[""12233/Solid"",""12132/Fuscão 1500"",""11306/The Union"",""6619/INTZ"",""10078/Alma"",""8895/Wild""]",0,0,0,0,0,0,0,N/A,
MisteM,16811,Gareth Ries,South Africa,21,1.04,1,-60,608,16110,10974,11034,0.99,53,74.8,0.78,"{""2018"":1.03,""2019"":1.27,""2020"":1.16,""2021"":0.9,""2022"":1}",216,"[""12345/ex-ATK"",""9943/ATK"",""5153/Energy""]",0,0,0,0,0,0,0,N/A,
vsm,16816,Vinicius Moreira,Brazil,24,1.16,1.1,1702,710,18754,14017,12315,1.14,48.3,81.7,1.02,"{""2018"":1.25,""2019"":1.16,""2020"":1.07,""2021"":1,""2022"":1.04}",227,"[""11837/Fluxo"",""11309/00NATION"",""10994/O PLANO"",""9215/MIBR"",""8902/DETONA""]",0,1,0,0,0,0,0,N/A,
hardzao,16817,Wesley Lopes,Brazil,22,1.09,1.04,1561,903,23738,16239,14678,1.11,46.6,74,0.87,"{""2018"":1.12,""2019"":1.12,""2020"":0.99,""2021"":1.04,""2022"":1.01}",348,"[""10669/Paquetá"",""4773/paiN"",""8902/DETONA""]",0,2,0,0,0,0,0,N/A,
siuhy,16820,Kamil Szkaradek,Poland,20,1.05,0.99,-80,692,18570,12812,12892,0.99,52.6,77,0.97,"{""2018"":0.82,""2020"":1.03,""2021"":0.99,""2022"":0.98}",179,"[""4494/MOUZ"",""9928/GamerLegion"",""11176/MOUZ NXT"",""7681/Izako Boars""]",0,2,0,1,0,0,0,N/A,
mhL,16847,Miłosz Knasiak,Poland,21,1.18,1.13,2700,748,20109,15444,12744,1.21,30.1,80.9,1.1,"{""2018"":1.05,""2019"":1.09,""2020"":1.14,""2021"":1.14,""2022"":1.13}",200,"[""11283/Falcons"",""7234/Endpoint"",""11176/MOUZ NXT"",""10983/StylDunow"",""8068/AGO""]",0,0,0,0,0,0,0,N/A,
hades,16848,Olek Miskiewicz,Poland,23,1.12,1.1,2715,882,23887,17456,14741,1.18,29.6,73.7,1.04,"{""2018"":0.99,""2019"":1.09,""2020"":1.11,""2021"":1.1,""2022"":1.08}",358,"[""10278/9INE"",""11984/ex-Finest"",""10276/Finest"",""4869/ENCE"",""10426/Wisla Krakow""]",0,3,0,10,0,0,0,N/A,
shokz,16859,Kristjan Jakobson,Estonia,25,1.06,1.01,422,735,19722,13339,12917,1.03,53.7,74.3,0.96,"{""2018"":0.99,""2019"":1.07,""2020"":1.04,""2021"":0.99}",228,"[""11984/ex-Finest"",""10276/Finest"",""7718/Movistar Riders"",""10748/ex-SMASH"",""10315/SMASH"",""7668/WASD""]",0,0,0,0,0,0,0,N/A,
ProbLeM,16870,Dmitriy Martinov,Russia,24,1.02,0.96,-388,638,17320,11291,11679,0.97,48.8,73.7,0.87,"{""2018"":1.09,""2019"":1.04,""2020"":0.98,""2021"":0.91,""2022"":0.94}",222,"[""11889/Forward"",""11219/INDE IRAE"",""11492/GMT"",""5310/HellRaisers"",""11129/bankaPEPSI"",""10098/Warthox""]",0,0,0,0,0,0,0,N/A,
flying,16872,Peiqi Song,China,22,1.09,1.05,555,458,12192,8869,8314,1.07,50.7,78.4,0.92,"{""2018"":0.84,""2019"":1.06,""2020"":1.07,""2021"":1.04,""2022"":1.05}",187,"[""10851/Wings Up"",""7966/Invictus"",""9869/IPET""]",0,0,0,0,0,0,0,N/A,
Woro2k,16885,Volodymyr Veletniuk,Ukraine,21,1.16,1.14,2343,618,16701,12856,10513,1.22,33.6,78.5,1.02,"{""2018"":0.97,""2019"":0.98,""2020"":1.19,""2021"":1.14,""2022"":1.15}",238,"[""11811/Monte"",""11665/ex-MAD Lions"",""8362/MAD Lions""]",0,1,0,0,0,0,0,N/A,
sh1ro,16920,Dmitry Sokolov,Russia,22,1.26,1.23,6675,1038,27726,21484,14809,1.45,28.2,78.8,1.22,"{""2018"":1.13,""2019"":1.22,""2020"":1.24,""2021"":1.21,""2022"":1.25}",568,"[""5752/Cloud9"",""11616/Players"",""6651/Gambit"",""9976/Gambit Youngsters"",""9518/Vyalie Pitoni""]",0,3,1,16,4,2,2,3,
nafany,16921,Vladislav Gorshkov,Russia,22,1.02,0.95,-1164,1028,27447,17919,19083,0.94,50.9,73.5,0.98,"{""2018"":1.01,""2019"":0.95,""2020"":0.97,""2021"":0.97,""2022"":0.89}",175,"[""12394/BetBoom"",""5752/Cloud9"",""11616/Players"",""6651/Gambit"",""9976/Gambit Youngsters"",""9518/Vyalie Pitoni""]",0,3,1,16,0,0,0,N/A,
Polt,16946,Vadim Tsyrov,Russia,29,1.08,1.02,570,596,15844,11047,10477,1.05,48.9,79.2,1.02,"{""2018"":1.04,""2019"":1.09,""2020"":0.98,""2021"":0.98,""2022"":1.05}",166,"[""12124/Insilio"",""11371/xDDDD"",""10621/1WIN"",""9287/Unique"",""9120/Atlants""]",0,0,0,0,0,0,0,N/A,
Perfecto,16947,Ilya Zalutskiy,Russia,23,1.04,0.98,500,843,22401,14008,13508,1.04,46,70.1,1.02,"{""2018"":1.04,""2019"":1.04,""2020"":0.93,""2021"":0.97,""2022"":0.98}",316,"[""5752/Cloud9"",""4608/Natus Vincere"",""8772/Syman""]",1,5,6,19,0,0,0,N/A,
TRAVIS,16948,Aleksandr Timkiv,Russia,25,1.11,1.04,784,698,18809,13222,12438,1.06,53.7,78.5,0.98,"{""2018"":1.03,""2019"":1.07,""2020"":0.94,""2021"":1.04,""2022"":1.04}",212,"[""10621/1WIN"",""9120/Atlants""]",0,0,0,0,0,0,0,N/A,
shalfey,17011,Aleksandr Marenov,Russia,21,1.12,1.06,1497,663,17914,12734,11237,1.13,46.6,77.7,1.05,"{""2018"":1.02,""2019"":1,""2020"":1.01,""2021"":1.03,""2022"":1.11}",233,"[""8135/FORZE"",""9287/Unique"",""10094/Dracarys""]",0,2,0,0,0,0,0,N/A,
deco,17039,Marcos Amato,Argentina,25,1.06,0.99,89,544,14513,9759,9670,1.01,49.5,76.3,0.89,"{""2018"":0.93,""2019"":1.16,""2020"":0.99,""2021"":0.97,""2022"":0.97}",188,"[""12144/BESTIA"",""7653/Isurus"",""8121/Malvinas""]",0,0,0,0,0,0,0,N/A,
szejn,17113,Hubert Światły,Poland,21,1.05,1.01,180,594,15873,10911,10731,1.02,51.7,76.6,0.86,"{""2018"":1.01,""2019"":0.96,""2020"":1.03,""2021"":1.04}",210,"[""8813/Illuminar"",""11176/MOUZ NXT"",""7681/Izako Boars""]",0,0,0,0,0,0,0,N/A,
ragga,17116,Cosmin Teodorescu,Romania,23,1.04,1,-21,660,17950,12295,12316,1,45.9,74.7,0.9,"{""2018"":1.04,""2019"":1.07,""2020"":0.95,""2021"":1.01,""2022"":1.01}",204,"[""7187/Nexus"",""10823/Infinite""]",0,0,0,0,0,0,0,N/A,
Leomonster,17132,Leonardo Enrique,Brazil,20,1.04,0.96,-517,457,12176,8199,8716,0.94,54.7,76.1,0.81,"{""2018"":0.74,""2020"":0.98,""2021"":0.97,""2022"":0.99}",84,"[""11249/Meta"",""6619/INTZ"",""10605/Bravos"",""10988/Jaguares"",""10678/Asterius""]",0,0,0,0,0,0,0,N/A,
Rainwaker,17145,Aleks Petrov,Bulgaria,22,1.11,1.06,2713,1423,38369,26907,24194,1.11,41.4,77.7,1.05,"{""2018"":0.93,""2019"":1,""2020"":1.09,""2021"":1.04,""2022"":1.08}",607,"[""5973/Liquid"",""12000/500"",""11947/ex-SKADE"",""10386/SKADE"",""9863/FATE""]",0,0,0,0,0,0,0,N/A,
juanflatroo,17147,Flatron Halimi,Kosovo,26,1.1,1.05,707,768,20578,15525,14818,1.05,56.7,82.8,1.04,"{""2018"":1.01,""2019"":1.06,""2020"":1.03,""2021"":1.06,""2022"":1.04}",235,"[""11518/Bad News Eagles"",""10697/BLINK"",""10788/selectah"",""10488/Secret""]",0,3,0,0,0,0,0,N/A,
FinigaN,17305,Vladislav Usov,Russia,24,1.03,0.97,88,564,15183,9705,9617,1.01,50,70.2,0.81,"{""2018"":0.87,""2019"":0.96,""2020"":0.96,""2021"":0.97}",252,"[""11138/ benched"",""7244/K23"",""8120/AVANGAR"",""11025/CrowCrowd"",""8669/Espada""]",0,0,0,0,0,0,0,N/A,
degster,17306,Abdul Gasanov,Russia,22,1.2,1.18,3953,833,22369,17369,13416,1.29,34.8,78.3,1.11,"{""2018"":1.01,""2019"":1.15,""2020"":1.22,""2021"":1.16,""2022"":1.17}",336,"[""10503/OG"",""7020/Spirit"",""8669/Espada""]",0,4,0,8,0,0,0,N/A,
cxzi,17353,Danny Strzelczyk,United States,23,1.09,1.01,-36,682,18075,12954,12990,1,36.8,81.3,0.95,"{""2018"":1.25,""2019"":1.08,""2020"":1,""2021"":1.03,""2022"":1}",207,"[""12375/Forsaken"",""8038/Party Astronauts"",""11826/Vendetta"",""11948/Nouns"",""11869/Squirtle Squad"",""11571/Gaimin Gladiators"",""11599/BHOP"",""11298/Strife"",""10304/Triumph"",""10747/Secret Club"",""11075/ChocoCheck"",""10357/Rebirth"",""10017/Rugratz"",""10791/Positive Vibes Only"",""10744/Levitate"",""10391/Faint""]",0,0,0,0,0,0,0,N/A,
FaNg,17372,Justin Coakley,Canada,21,1.07,1.01,449,801,20939,14604,14155,1.03,55.9,75.5,0.96,"{""2018"":1.01,""2019"":0.94,""2020"":1.02,""2021"":1.06,""2022"":0.97}",222,"[""5005/Complexity"",""10948/Extra Salt"",""10017/Rugratz"",""10792/ex-Recon 5"",""10791/Positive Vibes Only"",""10744/Levitate"",""10650/Under 21"",""10261/Rap Gang"",""9917/Variance""]",0,2,0,0,1,0,0,N/A,
reck,17378,Ethan Serrano,United States,19,1.06,1.01,160,464,12579,8838,8678,1.02,54.4,77,0.87,"{""2018"":0.9,""2019"":0.94,""2020"":1,""2021"":1,""2022"":1.05}",152,"[""12376/M80"",""12345/ex-ATK"",""9943/ATK"",""12154/yur"",""11298/Strife"",""11599/BHOP"",""10747/Secret Club"",""11075/ChocoCheck"",""10357/Rebirth"",""7841/Monstars""]",0,0,0,0,0,0,0,N/A,
Vexite,17384,Declan Portelli,Australia,18,1.15,1.1,897,471,12050,9137,8240,1.11,57.1,82.3,0.97,"{""2018"":0.85,""2019"":1,""2020"":1.05,""2021"":1.19,""2022"":1.11}",116,"[""8008/Grayhound"",""8668/ORDER"",""10672/VERTEX"",""6010/Chiefs""]",0,2,0,0,0,0,0,N/A,
ADK,17390,Akram Smida,Australia,22,0.94,0.9,-717,415,10763,6461,7178,0.9,43.2,65.5,0.56,"{""2018"":0.96,""2019"":0.91,""2020"":0.9,""2022"":0.88}",176,"[""9881/Rooster"",""9275/madlikewizards"",""5680/Athletico""]",0,0,0,0,0,0,0,N/A,
KEi,17504,Kamil Pietkun,Poland,22,1.12,1.05,933,935,25217,18615,17682,1.05,44.9,82.8,1.03,"{""2018"":0.8,""2019"":0.95,""2020"":1.09,""2021"":1.03,""2022"":1.07}",247,"[""10278/9INE"",""11743/FLET"",""11493/MONKE"",""8637/Sprout"",""10973/Anonymo"",""9797/AVEZ""]",0,1,0,0,0,0,0,N/A,
glowiing,17508,Aleksandr Matsievich,Russia,29,1.08,1.02,300,676,18050,12859,12559,1.02,54.5,79.6,0.99,"{""2018"":0.83,""2019"":1.02,""2020"":0.91,""2021"":1.05,""2022"":1.02}",159,"[""11883/9 Pandas"",""10621/1WIN"",""10977/Trident"",""10677/Cyber Legacy""]",0,0,0,0,0,0,0,N/A,
J0LZ,17510,David Jolin,Canada,23,1.07,1,119,573,15152,10625,10506,1.01,48.4,78.4,0.85,"{""2018"":1.06,""2019"":0.97,""2020"":0.96,""2021"":1.02,""2022"":1.02}",178,"[""12241/WITHOUT WARNING"",""11298/Strife"",""10463/Recon 5"",""10282/OCG"",""10700/Swedish Canadians"",""8748/Grizzlys""]",0,0,0,0,0,0,0,N/A,
pesadelo,17553,Matheus Panisset,Brazil,23,1.06,1.01,110,769,20137,14110,14000,1.01,44.9,77.8,0.83,"{""2018"":1.02,""2019"":0.98,""2020"":0.99,""2021"":0.93}",226,"[""12342/Age"",""6947/TeamOne"",""7176/RED Canids""]",0,0,0,0,0,0,0,N/A,
b4rtiN,17585,Bruno Câmara,Brazil,21,1.1,1.06,948,547,14329,10164,9216,1.1,55.1,74.7,0.93,"{""2018"":1.2,""2019"":1.09,""2020"":1.08,""2021"":1.03}",190,"[""6947/TeamOne"",""6902/GODSENT""]",0,1,0,0,0,0,0,N/A,
ice,17792,Aman Seitkaliyev,Kazakhstan,22,1.03,0.98,-210,518,14011,9485,9695,0.98,57.7,74.3,0.9,"{""2018"":1.05,""2019"":0.97,""2020"":1.02,""2021"":0.95,""2022"":1.01}",136,"[""12331/DOFG"",""12270/ex-Rune Eaters"",""12194/Rune Eaters"",""8120/AVANGAR"",""9287/Unique"",""11262/ex-100PG"",""10525/100PG"",""10097/Se7en""]",0,0,0,0,0,0,0,N/A,
smiley,17793,Algat Abdul,Kazakhstan,26,1.08,1.02,654,481,13048,8899,8245,1.08,28.6,72.7,0.89,"{""2018"":1.03,""2019"":1.1,""2020"":1.1,""2021"":1.01,""2022"":0.96}",175,"[""12332/TEMP"",""9287/Unique"",""11262/ex-100PG"",""10525/100PG"",""10097/Se7en""]",0,0,0,0,0,0,0,N/A,
JOTA,17861,Jhonatan Willian,Brazil,25,1.15,1.08,1541,622,16248,11737,10196,1.15,42.1,81.3,1,"{""2018"":0.96,""2019"":1.01,""2020"":0.94,""2021"":1.13,""2022"":1.11}",175,"[""9455/Imperial"",""9215/MIBR"",""10605/Bravos"",""6033/Keyd"",""9213/Santos""]",0,1,0,5,0,0,0,N/A,
nosraC,17918,Carson O'Reilly,United States,23,1.02,0.95,-570,743,19651,12898,13468,0.96,49.7,74.1,0.82,"{""2018"":1.03,""2019"":0.99,""2020"":0.93,""2021"":0.95,""2022"":0.98}",252,"[""11948/Nouns"",""11571/Gaimin Gladiators"",""11075/ChocoCheck"",""10357/Rebirth"",""10744/Levitate"",""10463/Recon 5"",""9176/iNTACT""]",0,0,0,0,0,0,0,N/A,
Walco,17929,Colby Walsh,Canada,21,1.01,0.95,-636,680,18045,11762,12398,0.95,56.1,72.8,0.8,"{""2018"":0.68,""2019"":0.97,""2020"":0.93,""2021"":0.97,""2022"":0.96}",191,"[""10399/Evil Geniuses"",""11735/EG Black"",""11521/Carpe Diem"",""10258/RBG""]",0,0,0,0,0,0,0,N/A,
wiz,17930,Jerric Jiang,United States,22,1.03,0.99,313,641,17006,11129,10816,1.03,28,69,0.85,"{""2018"":0.74,""2019"":0.91,""2020"":0.98,""2021"":0.98,""2022"":1.06}",231,"[""12375/Forsaken"",""10399/Evil Geniuses"",""11735/EG Black"",""11521/Carpe Diem"",""10258/RBG""]",0,0,0,0,0,0,0,N/A,
bq,17936,Adam Bergqvist,Sweden,21,1.03,0.99,-135,453,12174,8373,8508,0.98,52.3,74.9,0.66,"{""2018"":0.49,""2019"":0.93,""2020"":0.99,""2021"":0.99,""2022"":0.99}",119,"[""9735/Lilmix"",""11245/X Gamer"",""10960/Young Ninjas"",""10614/Prima"",""10434/Valorix""]",0,0,0,0,0,0,0,N/A,
isak,17937,Isak Fahlén,Sweden,21,1.02,0.97,-195,757,20432,13213,13408,0.99,49.3,72.5,0.98,"{""2018"":0.79,""2019"":0.85,""2020"":0.99,""2021"":1,""2022"":0.94}",260,"[""9928/GamerLegion"",""9735/Lilmix"",""10614/Prima"",""10434/Valorix""]",0,2,0,1,0,0,0,N/A,
jabbi,17956,Jakob Nygaard,Denmark,20,1.04,0.99,271,950,25452,17027,16756,1.02,59,71.7,1.04,"{""2018"":0.81,""2019"":0.94,""2020"":0.9,""2021"":1.02,""2022"":1.03}",285,"[""7175/Heroic"",""7461/Copenhagen Flames"",""6978/Singularity"",""8716/GoldenGitte""]",0,4,2,14,1,0,0,N/A,
broky,18053,Helvijs Saukants,Latvia,22,1.1,1.08,2239,873,23374,16471,14232,1.16,37,73.1,1.09,"{""2018"":1.35,""2019"":1.02,""2020"":1.06,""2021"":1.08,""2022"":1.14}",336,"[""6667/FaZe"",""4688/Epsilon""]",1,4,6,26,2,2,1,6,
torzsi,18072,Ádám Torzsás,Hungary,21,1.15,1.14,2227,601,15967,11969,9742,1.23,29.2,75.6,1.05,"{""2018"":1.14,""2019"":1.14,""2020"":1.13,""2021"":1.23,""2022"":1.08}",244,"[""4494/MOUZ"",""11176/MOUZ NXT"",""9802/Budapest Five"",""9939/Salamander"",""10210/GAMERZONE""]",0,2,0,11,0,0,0,N/A,
sinnopsyy,18120,Dionis Budeci,Kosovo,28,1.03,0.97,-752,843,22678,15542,16294,0.95,56.7,78.5,0.94,"{""2018"":1.12,""2019"":0.95,""2020"":0.97,""2021"":0.98,""2022"":0.99}",226,"[""11518/Bad News Eagles"",""10697/BLINK"",""10488/Secret"",""7376/m1x""]",0,3,0,0,0,0,0,N/A,
f4stzin,18140,Arthur Schmitt,Brazil,24,1.03,0.97,-331,432,11653,7939,8270,0.96,55.6,74.7,0.85,"{""2018"":0.96,""2019"":0.99,""2020"":0.95,""2021"":0.98}",76,"[""12065/Flamengo"",""10894/Case"",""11381/Asterys"",""11307/ozbonz"",""9455/Imperial"",""8728/Yeah"",""4773/paiN""]",0,0,0,0,0,0,0,N/A,
biguzera,18141,Rodrigo Bittencourt,Brazil,26,1.15,1.08,1910,818,21705,15686,13776,1.14,50.7,80.5,1.04,"{""2018"":1.29,""2019"":1.09,""2020"":1.09,""2021"":1.08,""2022"":1.09}",253,"[""4773/paiN""]",0,2,0,0,0,0,0,N/A,
Adam9130,18219,Adam Ahmad,United Kingdom,25,0.97,0.89,-1738,668,18147,11278,13016,0.87,39.9,72.8,0.93,"{""2018"":0.89,""2019"":0.96,""2020"":0.84,""2021"":0.87,""2022"":0.9}",168,"[""12239/Into the Win"",""12095/Into the Bin"",""11481/ex-Into the Breach"",""11164/Into the Breach"",""9928/GamerLegion"",""8020/Vexed"",""9674/London""]",0,0,0,0,0,0,0,N/A,
Spinx,18221,Lotan Giladi,Israel,22,1.12,1.09,1409,600,16011,11689,10280,1.14,55.2,77.9,1.1,"{""2018"":1.02,""2019"":1.13,""2020"":1.08,""2021"":1.08,""2022"":1.07}",224,"[""9565/Vitality"",""4869/ENCE"",""10606/c0ntact"",""10766/Tikitakan""]",1,4,3,15,0,1,0,18,
SENSEi,18227,Dmitriy Shvorak,Ukraine,24,1.2,1.16,3187,623,16671,12370,9183,1.35,31,75.9,1.1,"{""2018"":1.03,""2019"":1.13,""2020"":1.14,""2021"":1.19}",294,"[""12226/Taipan"",""11982/IKLA"",""11716/Iron Branch"",""11385/Run or Die"",""11148/Akuma"",""11131/WaitForTag"",""10473/Project X"",""10150/CR4ZY""]",0,0,0,0,0,0,0,N/A,
magixx,18317,Boris Vorobiev,Russia,20,1.05,1,460,743,19781,12853,12393,1.04,56.7,70.9,0.99,"{""2018"":0.88,""2019"":0.95,""2020"":1.01,""2021"":0.98,""2022"":1.05}",203,"[""7020/Spirit""]",0,3,0,7,0,0,0,N/A,
mezii,18462,William Merriman,United Kingdom,24,1.12,1.07,1420,677,18292,13026,11606,1.12,50.3,79,1.03,"{""2019"":1.08,""2020"":1.08,""2021"":1.1,""2022"":1.05}",280,"[""4991/fnatic"",""7234/Endpoint"",""5752/Cloud9"",""9928/GamerLegion"",""8020/Vexed"",""9674/London""]",0,2,0,0,0,0,0,N/A,
CYPHER,18571,Cai Watson,United Kingdom,20,1.07,0.99,-255,531,14442,9990,10245,0.98,52,77.4,1.02,"{""2019"":0.91,""2020"":0.94,""2021"":0.99,""2022"":1.01}",142,"[""11164/Into the Breach"",""12095/Into the Bin"",""11481/ex-Into the Breach"",""11029/ZJ"",""7555/ROYALS""]",0,1,0,0,0,0,0,N/A,
sk0R,18638,Tengis Batjargal,Mongolia,21,1.16,1.12,1232,436,11757,9138,7906,1.16,48.5,82.3,0.96,"{""2019"":1.07,""2020"":1.13,""2021"":1.14}",142,"[""4863/TYLOO"",""11585/IHC"",""10796/Checkmate"",""11135/NKT"",""8607/D13"",""9100/2990""]",0,2,0,0,0,0,0,N/A,
skullz,18676,Felipe Medeiros,Brazil,21,1.1,1.05,946,558,14924,10426,9480,1.1,53.9,76.1,1.07,"{""2019"":1.03,""2020"":1,""2021"":0.95,""2022"":1.14}",206,"[""4773/paiN"",""11768/ODDIK"",""11555/UNO MILLE"",""10815/Liberty"",""6947/TeamOne"",""8574/W7M"",""9418/WePlayGames""]",0,1,0,0,0,0,0,N/A,
Annihilation,18689,Tuvshintugs Nyamdorj,Mongolia,23,1.11,1.07,1048,430,11505,8096,7048,1.15,37.9,73.4,0.97,"{""2019"":0.93,""2020"":1.03,""2021"":1.12,""2022"":1.1}",206,"[""6248/TheMongolz"",""11585/IHC"",""11135/NKT"",""8607/D13""]",0,2,0,0,0,0,0,N/A,
oxygeN,18697,Blagoi Dimitrov,Bulgaria,20,1,0.95,-580,694,18695,11729,12309,0.95,58.8,68.3,0.9,"{""2019"":0.89,""2020"":0.93,""2021"":0.96,""2022"":0.98}",221,"[""10831/Entropiq"",""11240/allStars"",""12204/359"",""11026/VOYVODA"",""11672/OG Academy"",""11570/WinX"",""10386/SKADE""]",0,0,0,0,0,0,0,N/A,
piriajr,18714,Guilherme Barbosa,Brazil,20,1.09,1.04,467,423,11356,8026,7559,1.06,51.2,77.4,0.69,"{""2019"":0.94,""2020"":0.97,""2021"":1.01,""2022"":1.11}",140,"[""10994/O PLANO"",""11561/ARCTIC"",""8885/FURIA Academy"",""9455/Imperial"",""8902/DETONA"",""6033/Keyd"",""10028/Falkol"",""9213/Santos""]",0,0,0,0,0,0,0,N/A,
Lucaozy,18717,Lucas Neves,Brazil,21,1.11,1.07,1229,576,15439,11098,9869,1.12,51,76.7,0.95,"{""2019"":0.95,""2020"":1.07,""2021"":1.07,""2022"":1.15}",180,"[""11837/Fluxo"",""8113/Sharks"",""8902/DETONA"",""9910/Reapers""]",0,2,0,0,0,0,0,N/A,
pz,18736,Jordan White,Australia,23,1.12,1.08,1231,556,14378,10240,9009,1.14,29.3,75.6,0.92,"{""2019"":1.15,""2020"":1.07,""2021"":1.06,""2022"":1.11}",208,"[""10672/VERTEX"",""10713/TRUCKERS WITH ATTITUDE"",""10425/Airborne""]",0,0,0,0,0,0,0,N/A,
nython,18743,Gabriel Lino,Brazil,25,1.13,1.09,1611,626,16635,12334,10723,1.15,37,75.7,0.96,"{""2019"":1.06,""2020"":1.06,""2021"":1.11,""2022"":1.13}",181,"[""10669/Paquetá"",""4773/paiN"",""7653/Isurus"",""7176/RED Canids""]",0,0,0,0,0,0,0,N/A,
viz,18761,Wesley Harris,United States,21,1.04,0.98,-35,486,12754,8418,8453,1,50.8,72.2,0.77,"{""2019"":0.9,""2020"":1.06,""2021"":0.95,""2022"":1.02}",152,"[""8038/Party Astronauts"",""11734/EG White"",""10469/Third Impact"",""10304/Triumph"",""10791/Positive Vibes Only""]",0,0,0,0,0,0,0,N/A,
dan1,18788,Daniel Gligorov,North Macedonia,23,0.97,0.93,-620,477,12808,8036,8656,0.93,48.2,68.9,0.94,"{""2019"":0.76,""2020"":0.85,""2021"":0.95,""2022"":0.94}",147,"[""10453/ex-BLUEJAYS"",""5347/BLUEJAYS"",""11207/AIRLYA"",""10903/Good Game""]",0,0,0,0,0,0,0,N/A,
CacaNito,18790,Aleksandar Kjulukoski,North Macedonia,22,1.14,1.09,779,451,12072,9143,8364,1.09,47,85.2,1.05,"{""2019"":0.74,""2020"":0.81,""2021"":1.07,""2022"":1.13}",129,"[""9806/Apeks"",""9943/ATK"",""5347/BLUEJAYS"",""11103/19CM GANG"",""10996/OL""]",0,0,0,0,0,0,0,N/A,
saffee,18835,Rafael Costa,Brazil,28,1.19,1.17,2159,494,13116,10122,7963,1.27,30.3,78,1.02,"{""2019"":1.01,""2020"":1.28,""2021"":1.24,""2022"":1.03}",166,"[""9215/MIBR"",""8297/FURIA"",""4773/paiN""]",0,4,0,11,0,0,0,N/A,
HexT,18838,Jadan Postma,Canada,21,1.07,1,147,662,17556,12098,11951,1.01,49.6,75.7,0.86,"{""2019"":0.99,""2020"":0.95,""2021"":1.03,""2022"":1.02}",172,"[""10399/Evil Geniuses"",""11735/EG Black"",""11521/Carpe Diem"",""10258/RBG""]",0,1,0,0,0,0,0,N/A,
dav1deuS,18865,David Tapia Maldonado,Chile,23,1.15,1.08,876,483,12824,9567,8691,1.1,53.7,82.5,0.96,"{""2019"":1.12,""2020"":1.19,""2021"":1.12,""2022"":0.99}",134,"[""9996/9z"",""10669/Paquetá"",""10740/Real Betis SA"",""10632/Rysix""]",0,2,0,0,0,0,0,N/A,
RICIOLI,18875,Felipe Ricioli,Brazil,23,0.98,0.91,-720,462,12472,7692,8412,0.91,42.9,71.2,N/A,"{""2019"":0.91,""2020"":0.97,""2021"":0.87,""2022"":0.96}",123,"[""11555/UNO MILLE"",""11768/ODDIK""]",0,0,0,0,0,0,0,N/A,
b1t,18987,Valeriy Vakhovskiy,Ukraine,20,1.11,1.05,1006,603,16087,11152,10146,1.1,66.9,75.2,1.06,"{""2019"":1.01,""2020"":1.09,""2021"":1.05,""2022"":1.04}",185,"[""4608/Natus Vincere"",""10371/NAVI Junior""]",1,4,5,17,0,2,1,9,
chawzyyy,19021,Hugo Günther,Sweden,18,1.08,1.03,507,416,11116,7637,7130,1.07,39.9,74.9,0.92,"{""2019"":0.78,""2020"":1.03,""2021"":1.07}",146,"[""9806/Apeks"",""11401/Savage"",""10764/Galaxy Racer"",""10891/flowskola""]",0,0,0,0,0,0,0,N/A,
PR1mE,19038,Mathias Carlsen,Denmark,22,1,0.96,-427,697,18672,12443,12870,0.97,54.3,72.6,0.89,"{""2019"":0.83,""2020"":1.01,""2021"":0.94,""2022"":0.99}",169,"[""10867/MASONIC"",""4602/Tricked""]",0,0,0,0,0,0,0,N/A,
F1KU,19044,Maciej Miklas,Poland,20,1.05,1.01,180,792,21524,14655,14475,1.01,54.7,76,0.95,"{""2019"":1.01,""2020"":1.02,""2021"":1.04,""2022"":0.99}",277,"[""10503/OG"",""8068/AGO""]",0,2,0,8,0,0,0,N/A,
latto,19045,Bruno Rebelatto,Brazil,20,1.11,1.05,828,522,13848,9583,8755,1.09,47,77.7,0.98,"{""2019"":1.09,""2020"":1.08,""2021"":1.02,""2022"":1.02}",166,"[""11309/00NATION"",""6902/GODSENT"",""7176/RED Canids""]",0,2,0,0,0,0,0,N/A,
ritchiEE,19059,Richard Mestdagh,Belgium,24,1.14,1.08,1113,539,14276,10666,9553,1.12,51,82.3,1.04,"{""2019"":0.99,""2020"":1.07,""2021"":1.06,""2022"":1.15}",187,"[""10831/Entropiq"",""8064/undefined"",""10999/EC Brugge"",""11102/GORILLAZ"",""7848/MAESTRO"",""10162/Tenerife Titans""]",0,0,0,0,0,0,0,N/A,
SHiNE,19065,Casper Wennerberg,Sweden,20,0.95,0.91,-699,421,11375,6957,7656,0.91,53,68.1,0.87,"{""2019"":0.79,""2020"":0.76,""2021"":0.88,""2022"":0.92}",137,"[""11737/EYEBALLERS"",""4762/Hellslayers"",""10940/AURA"",""8930/Granit""]",0,0,0,0,0,0,0,N/A,
forsyy,19069,David Bílý,Czech Republic,21,1.16,1.13,1769,468,12631,9317,7548,1.23,29.3,76.6,1.06,"{""2019"":1.09,""2020"":1.01,""2021"":1.11,""2022"":1.15}",176,"[""10831/Entropiq"",""10577/SINNERS"",""10873/Enterprise"",""7442/Universe""]",0,0,0,0,0,0,0,N/A,
Kylar,19114,Kacper Walukiewicz,Poland,23,1.05,1.02,642,881,23788,16220,15578,1.04,58,73.3,0.95,"{""2019"":1.09,""2020"":1.04,""2021"":0.98,""2022"":1.02}",335,"[""10278/9INE"",""11743/FLET"",""11493/MONKE"",""10973/Anonymo"",""9797/AVEZ""]",0,1,0,0,0,0,0,N/A,
SLIGHT,19128,Keller Nilan,United States,20,1.08,1.05,775,446,11740,8267,7492,1.1,28.1,72.9,0.58,"{""2019"":1.17,""2021"":1,""2022"":1.06}",171,"[""12257/Wildcard"",""11336/Detonate"",""11298/Strife"",""10463/Recon 5"",""10747/Secret Club""]",0,0,0,0,0,0,0,N/A,
SunPayus,19164,Alvaro Garcia,Spain,24,1.15,1.11,1714,478,12885,9279,7565,1.23,29.1,73.8,1.09,"{""2019"":0.95,""2020"":1.07,""2021"":1.16,""2022"":1.11}",196,"[""4869/ENCE"",""7718/Movistar Riders"",""11151/Iberian Family"",""11080/Caronte"",""11036/Miami Pitingos"",""10592/Wygers"",""7339/KPI""]",0,3,1,8,1,0,0,N/A,
Liki,19190,Benson Niuila,Australia,24,1.07,0.99,168,457,11612,7606,7438,1.02,44.1,74.1,0.71,"{""2019"":0.98,""2020"":1.01,""2021"":1.03,""2022"":0.89}",135,"[""11726/Encore"",""11300/Looking For Org"",""6158/Dire Wolves"",""8536/Ground Zero"",""6161/Skyfire"",""10205/Bizarre""]",0,0,0,0,0,0,0,N/A,
jL,19206,Justinas Lekavicius,Lithuania,23,1.11,1.07,1056,625,16903,12397,11341,1.09,49.7,79.1,1.02,"{""2019"":1.14,""2020"":1.05,""2021"":1.05,""2022"":1.1}",204,"[""4608/Natus Vincere"",""9806/Apeks"",""11665/ex-MAD Lions"",""8362/MAD Lions"",""10887/grazhtas"",""10788/selectah""]",0,1,0,1,0,0,0,N/A,
JIaYm,19232,Nikita Panyushkin,Russia,24,1.05,0.99,-275,586,15906,11322,11597,0.98,52.7,79.2,0.88,"{""2019"":1.05,""2020"":0.99,""2021"":0.98,""2022"":1.01}",104,"[""11889/Forward"",""11219/INDE IRAE"",""11492/GMT"",""5310/HellRaisers"",""11129/bankaPEPSI"",""10105/SG.pro""]",0,0,0,0,0,0,0,N/A,
KENSI,19236,Aleksandr Gurkin,Russia,21,1.09,1.04,1159,735,19957,13888,12729,1.09,53.1,76.1,1.04,"{""2019"":0.69,""2020"":1.05,""2021"":1.01,""2022"":1.02}",245,"[""11861/Aurora"",""8135/FORZE"",""10929/ex-ETHEREAL"",""10673/ETHEREAL""]",0,1,0,0,0,0,0,N/A,
PANIX,19283,Max Hangebruch,Germany,24,1.12,1.08,945,441,11705,8456,7511,1.13,29.4,74.9,0.92,"{""2019"":1.15,""2020"":1.02,""2021"":1.04,""2022"":1.16}",151,"[""10333/Sangal"",""12095/Into the Bin"",""4501/ALTERNATE aTTaX"",""10968/cowana"",""11196/ex-ALTERNATE aTTaX"",""10254/BIG Academy""]",0,0,0,0,0,0,0,N/A,
prosus,19284,David Hesse,Germany,20,1.04,0.98,-206,539,14351,9755,9961,0.98,56.1,75.6,0.87,"{""2019"":1.13,""2020"":0.94,""2021"":0.95,""2022"":0.98}",115,"[""7532/BIG"",""10254/BIG Academy"",""11195/fnatic Rising"",""11196/ex-ALTERNATE aTTaX"",""4501/ALTERNATE aTTaX""]",0,0,0,0,0,0,0,N/A,
LNZ,19310,Linus Holtäng,Sweden,20,1,0.96,-188,452,11972,7500,7688,0.98,53.2,69.9,0.91,"{""2019"":0.75,""2020"":0.88,""2021"":0.95,""2022"":1.04}",161,"[""10333/Sangal"",""10960/Young Ninjas"",""4411/Ninjas in Pyjamas""]",0,1,0,0,0,0,0,N/A,
dav1g,19509,David Granado Bermudo,Spain,22,0.93,0.86,-1184,417,11200,6397,7581,0.84,46.4,66.3,0.88,"{""2019"":0.83,""2020"":0.83,""2021"":0.85,""2022"":0.85}",86,"[""7718/Movistar Riders"",""11151/Iberian Family"",""11080/Caronte"",""11036/Miami Pitingos""]",0,1,0,5,0,0,0,N/A,
X5G7V,19575,Daniil Maryshev,Russia,20,1.03,0.98,8,473,12843,8586,8578,1,45.4,74.6,0.97,"{""2019"":0.92,""2021"":1.03,""2022"":0.95}",136,"[""7244/K23"",""11219/INDE IRAE"",""11079/Trasko"",""10385/AOAO""]",0,0,0,0,0,0,0,N/A,
byr9,19590,Yaroslav Buryak,Ukraine,25,1.03,0.96,-308,537,14648,9430,9738,0.97,55,74.4,1.01,"{""2019"":0.89,""2020"":0.89,""2021"":1.04,""2022"":0.92}",119,"[""12328/IKLA UA"",""11982/IKLA"",""10888/EC Kyiv""]",0,0,0,0,0,0,0,N/A,
nbqq,19594,Vít Pohlot,Czech Republic,26,1.04,1,30,527,13965,9564,9534,1,49.3,74.6,1,"{""2019"":0.96,""2020"":0.87,""2021"":0.97,""2022"":1}",163,"[""7441/ECLOT"",""10695/Sampi""]",0,0,0,0,0,0,0,N/A,
s4ltovsk1yy,19614,Kyrylo Lytvynov,Ukraine,22,1.09,1.06,1162,539,14699,10217,9055,1.13,40.6,70.9,1.04,"{""2019"":0.96,""2020"":1.1,""2021"":1.09,""2022"":1.06}",197,"[""12328/IKLA UA"",""11982/IKLA"",""10888/EC Kyiv""]",0,0,0,0,0,0,0,N/A,
amster,19617,Denis Liashenko,Ukraine,22,0.97,0.92,-615,477,12947,7820,8435,0.93,40.2,68,0.9,"{""2019"":0.71,""2020"":0.82,""2021"":0.94,""2022"":0.93}",179,"[""11241/B8"",""10888/EC Kyiv""]",0,0,0,0,0,0,0,N/A,
JamYoung,19645,Yi Yang,China,22,1.19,1.14,1654,460,12060,9175,7521,1.22,54.6,81.5,0.91,"{""2019"":1.08,""2020"":1.17,""2021"":1.19,""2022"":1.13}",174,"[""11514/Rare Atom"",""7606/ViCi""]",0,0,0,0,0,0,0,N/A,
Patsi,19673,Robert Isyanov,Russia,19,1.09,1.02,272,632,16981,12085,11813,1.02,44.2,79.5,0.99,"{""2019"":1.14,""2020"":1.01,""2021"":1.06,""2022"":1.04}",159,"[""5973/Liquid"",""7020/Spirit"",""7900/Spirit Academy"",""8669/Espada""]",0,2,0,6,0,0,0,N/A,
kyxsan,19677,Damjan Stoilkovski,North Macedonia,23,1.05,0.98,-121,613,16484,10991,11112,0.99,47.3,75.6,1,"{""2019"":0.92,""2020"":0.8,""2021"":0.98,""2022"":1.01}",210,"[""9806/Apeks"",""5347/BLUEJAYS"",""11207/AIRLYA"",""10903/Good Game""]",0,1,0,1,0,0,0,N/A,
zevy,19692,Romeu Rocco,Brazil,22,1.15,1.13,1591,432,11528,8706,7115,1.22,32.3,75.2,1.02,"{""2019"":1.41,""2020"":1.11,""2021"":1.12,""2022"":1.2}",138,"[""11837/Fluxo"",""4773/paiN"",""8113/Sharks"",""8902/DETONA""]",0,2,0,0,0,0,0,N/A,
adamS,19698,Adam Marian,Romania,22,1.07,1,209,410,11184,7539,7330,1.03,40.9,77,0.79,"{""2019"":0.79,""2020"":0.87,""2021"":1,""2022"":0.97}",164,"[""7718/Movistar Riders"",""7187/Nexus"",""10978/VELOX"",""9466/GTZ"",""11151/Iberian Family"",""11080/Caronte""]",0,0,0,0,0,0,0,N/A,
chop,19705,Connor Sullivan,United States,21,1.03,1,145,652,17437,11742,11597,1.01,52.8,72.9,0.79,"{""2019"":0.72,""2020"":0.92,""2021"":0.98,""2022"":1.02}",208,"[""8038/Party Astronauts"",""11826/Vendetta"",""11735/EG Black"",""11521/Carpe Diem"",""10258/RBG"",""10157/Kinship""]",0,0,0,0,0,0,0,N/A,
gxx-,19725,Genc Kolgeci,Kosovo,24,1.08,1.07,1476,559,14974,10484,9008,1.16,30.8,69.9,0.99,"{""2019"":1.09,""2020"":1.3,""2021"":1.07,""2022"":1.06}",270,"[""11518/Bad News Eagles"",""10697/BLINK""]",0,3,0,0,0,0,0,N/A,
DemQQ,19733,Sergiy Demchenko,Ukraine,22,1.05,0.98,-12,718,19089,12512,12524,1,52.9,74.1,0.95,"{""2019"":0.97,""2020"":0.95,""2021"":1,""2022"":1}",210,"[""11811/Monte"",""11241/B8"",""11148/Akuma"",""11131/WaitForTag"",""11028/beznadejdi"",""10972/Cult"",""10473/Project X"",""10150/CR4ZY""]",0,1,0,0,0,0,0,N/A,
Djoko,19738,Thomas Pavoni,France,26,1.05,1,-101,769,20713,14156,14257,0.99,62,75,0.99,"{""2019"":1.04,""2020"":0.98,""2021"":1.01,""2022"":0.95}",205,"[""12260/Looking4Org"",""11501/HEET"",""11003/DBL PONEY"",""9949/TheDice""]",0,0,0,0,0,0,0,N/A,
Ex3rcice,19739,Pierre Bulinge,France,23,1.01,0.98,-26,592,16086,10512,10538,1,53.7,70.9,0.94,"{""2019"":0.9,""2021"":0.97,""2022"":0.99}",238,"[""12260/Looking4Org"",""11501/HEET"",""11003/DBL PONEY"",""11120/mYinsanity"",""6368/Red Instinct""]",0,0,0,0,0,0,0,N/A,
BOROS,19763,Mohammad Malhas,Jordan,19,1.15,1.1,821,533,14456,11344,10523,1.08,64,84.1,1.07,"{""2019"":1.27,""2020"":1.03,""2021"":1.07,""2022"":1.11}",107,"[""11283/Falcons"",""11811/Monte"",""7234/Endpoint"",""8211/NASR""]",0,1,0,0,0,0,0,N/A,
Dytor,19815,Martin Handl,Czech Republic,20,1.1,1.03,241,436,11630,8471,8230,1.03,48.6,83,1.02,"{""2019"":1.02,""2020"":1.14,""2022"":1.03}",110,"[""7441/ECLOT""]",0,0,0,0,0,0,0,N/A,
CLASIA,19846,Anthony Kearney,United States,19,1.12,1.07,848,458,11985,8755,7907,1.11,49.6,80.4,1,"{""2019"":0.87,""2020"":1.09,""2021"":1.05,""2022"":1.07}",175,"[""11298/Strife"",""12154/yur"",""12141/Demon Time"",""11826/Vendetta"",""11735/EG Black"",""11521/Carpe Diem"",""11571/Gaimin Gladiators"",""11075/ChocoCheck"",""10258/RBG"",""10747/Secret Club"",""10157/Kinship""]",0,0,0,0,0,0,0,N/A,
try,19869,Santino Rigal,Argentina,18,1.19,1.16,2063,474,12584,9581,7518,1.27,34.1,77.2,1.08,"{""2019"":0.92,""2020"":1.1,""2021"":1.26,""2022"":1.09}",161,"[""9996/9z"",""11309/00NATION""]",0,1,0,0,0,0,0,N/A,
Norwi,19882,Evgeny Ermolin,Russia,22,1.06,1.02,524,603,16264,11030,10506,1.05,49.1,73.8,0.97,"{""2019"":0.76,""2020"":0.94,""2021"":0.96,""2022"":1.04}",173,"[""11861/Aurora"",""8135/FORZE"",""6978/Singularity"",""10841/BEZ ZP"",""10977/Trident"",""10864/VP.Prodigy""]",0,1,0,0,0,0,0,N/A,
Krimbo,19899,Karim Moussa,Germany,20,1.1,1.07,1263,591,15925,11166,9903,1.13,50.7,76.3,1,"{""2020"":1.06,""2021"":1.1,""2022"":1.02}",251,"[""7532/BIG"",""10254/BIG Academy"",""10968/cowana"",""11196/ex-ALTERNATE aTTaX"",""4501/ALTERNATE aTTaX""]",0,2,0,9,0,0,0,N/A,
afro,19926,Aurélien Drapier,France,24,1.11,1.08,1653,762,20500,14601,12948,1.13,33.5,73.7,1.06,"{""2020"":0.96,""2021"":1.08,""2022"":1.1}",269,"[""4991/fnatic"",""4674/LDLC"",""11501/HEET"",""11003/DBL PONEY""]",0,0,0,0,0,0,0,N/A,
sorrow,19967,Zhandarbek Mamyrbek,Kazakhstan,27,0.95,0.92,-891,470,12741,8095,8986,0.9,54.8,70.3,0.83,"{""2020"":0.96,""2021"":0.92,""2022"":0.9}",107,"[""12331/DOFG"",""12270/ex-Rune Eaters"",""12194/Rune Eaters"",""8120/AVANGAR"",""9287/Unique"",""11262/ex-100PG"",""10525/100PG""]",0,0,0,0,0,0,0,N/A,
aidKiT,20066,Jane Apostoloski,North Macedonia,22,1.04,1.01,301,494,13164,8904,8603,1.03,39.8,70.2,1,"{""2020"":0.76,""2021"":0.99,""2022"":1.04}",168,"[""4803/iNation"",""5347/BLUEJAYS"",""11207/AIRLYA"",""10903/Good Game""]",0,0,0,0,0,0,0,N/A,
Zyphon,20090,Rasmus Nordfoss,Denmark,19,1.07,1.01,461,622,16570,11478,11017,1.04,52.4,75.8,1,"{""2020"":1.11,""2021"":1.01,""2022"":1.03}",210,"[""8637/Sprout"",""7461/Copenhagen Flames"",""10954/Astralis Talent""]",0,3,0,0,0,0,0,N/A,
h4rn,20097,Deyvid Benchev,Bulgaria,23,1.15,1.12,2750,763,20489,14950,12200,1.23,28.5,74.6,1.12,"{""2020"":1.08,""2021"":1.12,""2022"":1.17}",296,"[""12117/Let us cook"",""12213/Biskvitki Zakuska"",""11026/VOYVODA"",""10873/Enterprise"",""11570/WinX"",""11524/Enough"",""11066/Fiend"",""5347/BLUEJAYS"",""9863/FATE""]",0,0,0,0,0,0,0,N/A,
fame,20101,Petr Bolyshev,Russia,20,1.11,1.06,1072,612,16329,11775,10703,1.1,57.4,77.2,1.04,"{""2020"":1.09,""2021"":1.06,""2022"":1.06}",161,"[""5378/Virtus.pro"",""11595/Outsiders"",""7244/K23"",""10105/SG.pro""]",1,1,1,6,0,0,0,N/A,
s1n,20104,Elias Stein,Germany,21,1.08,1.02,436,441,11791,8034,7598,1.06,50.9,78.2,0.92,"{""2020"":0.98,""2021"":0.99,""2022"":1.03}",149,"[""7532/BIG"",""10254/BIG Academy"",""9789/NLG""]",0,1,0,0,0,0,0,N/A,
deko,20113,Denis Zhukov,Russia,22,1.23,1.21,3478,604,16490,13105,9627,1.36,37.1,80.2,1.08,"{""2020"":1.15,""2021"":1.23,""2022"":1.19}",260,"[""10621/1WIN""]",0,0,0,0,0,0,0,N/A,
nilo,20119,Linus Bergman,Sweden,18,1.08,1.05,563,436,11746,8394,7831,1.07,53.6,77.5,1.07,"{""2020"":0.89,""2021"":0.99,""2022"":1.13}",128,"[""10960/Young Ninjas"",""10891/flowskola""]",0,0,0,0,0,0,0,N/A,
dobbo,20128,William Dobson,United Kingdom,19,0.96,0.92,-613,495,13410,8147,8760,0.93,52.7,67,0.81,"{""2020"":0.81,""2021"":0.9,""2022"":0.94}",158,"[""12239/Into the Win"",""12095/Into the Bin"",""11481/ex-Into the Breach"",""11164/Into the Breach"",""9928/GamerLegion""]",0,0,0,0,0,0,0,N/A,
Svedjehed,20133,Leo Svedjehed,Sweden,20,1.04,1.01,296,465,12647,8573,8277,1.04,44.2,74.6,0.81,"{""2020"":1.02,""2021"":1.02}",151,"[""11737/EYEBALLERS"",""4762/Hellslayers"",""4413/Lemondogs"",""9735/Lilmix""]",0,0,0,0,0,0,0,N/A,
Raijin,20207,Konstantin Trubarov,Russia,22,1.06,1.02,348,422,11584,7966,7618,1.05,54.7,74.8,1.03,"{""2020"":1.03,""2021"":1.05,""2022"":1.02}",124,"[""7244/K23"",""11654/ASG"",""11113/AVE"",""10421/Hard Legion""]",0,0,0,0,0,0,0,N/A,
j3kie,20228,Evgeniy Sergachev,Ukraine,23,1.04,1.01,59,415,11189,7732,7673,1.01,63.4,74.8,0.93,"{""2020"":0.73,""2021"":1}",98,"[""12226/Taipan"",""11982/IKLA"",""11716/Iron Branch"",""11385/Run or Die"",""11148/Akuma"",""11131/WaitForTag"",""11028/beznadejdi"",""10972/Cult""]",0,0,0,0,0,0,0,N/A,
kRaSnaL,20282,Szymon Mrozek,Poland,20,1.05,0.97,-147,427,11601,7806,7953,0.98,45.7,75.8,0.96,"{""2020"":0.76,""2021"":0.98,""2022"":1.02}",125,"[""11811/Monte"",""10854/los kogutos"",""8068/AGO""]",0,1,0,0,0,0,0,N/A,
kraghen,20300,Tobias Kragh Jensen,Denmark,21,1.04,0.97,-304,503,13563,9066,9370,0.97,46.7,76.8,0.96,"{""2020"":1.23,""2021"":0.96,""2022"":0.96}",163,"[""11419/ECSTATIC"",""10867/MASONIC""]",0,0,0,0,0,0,0,N/A,
Staehr,20304,Victor Staehr,Denmark,19,1.09,1.02,418,504,13724,9550,9132,1.05,51.3,79.5,1.01,"{""2020"":1.11,""2021"":1.02,""2022"":1.05}",151,"[""6665/Astralis"",""8637/Sprout"",""7743/OPAA"",""11191/ex-Quantum Bellator Fire"",""7367/Quantum Bellator Fire""]",0,1,0,0,0,0,0,N/A,
bnox,20309,Bartosz Niebisz,Poland,23,1.03,0.98,-219,444,12067,8085,8304,0.97,52.5,76,0.77,"{""2020"":0.96,""2021"":0.95,""2022"":0.98}",143,"[""8813/Illuminar"",""8248/PACT"",""8209/Pompa""]",0,0,0,0,0,0,0,N/A,
Jeorge,20333,Jeorge  Endicott,United States,20,1.1,1.04,514,500,13284,9277,8763,1.06,47.5,78.2,0.84,"{""2020"":1.04,""2021"":1,""2022"":1.08}",177,"[""10399/Evil Geniuses"",""11735/EG Black"",""11948/Nouns"",""11869/Squirtle Squad"",""11571/Gaimin Gladiators"",""11075/ChocoCheck"",""10304/Triumph"",""10463/Recon 5"",""10907/GSG9"",""9974/GGPR""]",0,0,0,0,0,0,0,N/A,
volt,20358,Sebastian Maloș,Romania,21,1.07,1.01,217,432,11714,7851,7634,1.03,51.6,75,1.06,"{""2020"":0.9,""2021"":1,""2022"":1.03}",177,"[""9928/GamerLegion"",""11164/Into the Breach"",""12104/Believe"",""11195/fnatic Rising"",""11606/FAMBIT"",""11484/ex-Coalesce"",""11278/Coalesce"",""10879/UMX"",""8020/Vexed""]",0,1,0,0,0,0,0,N/A,
J3nsyy,20380,Theis Jensen,Denmark,23,1.06,1.03,800,563,15175,10278,9478,1.08,32.4,69.9,0.79,"{""2020"":1.12,""2021"":0.98,""2022"":1.05}",250,"[""12334/Preasy"",""10867/MASONIC"",""11191/ex-Quantum Bellator Fire"",""7367/Quantum Bellator Fire"",""8963/Lyngby Vikings""]",0,0,0,0,0,0,0,N/A,
lauNX,20761,Laurențiu Țârlea,Romania,18,1.09,1.07,655,474,12759,9428,8773,1.07,56.2,77.5,0.97,"{""2021"":1.03,""2022"":1.11}",140,"[""11283/Falcons"",""8637/Sprout"",""7187/Nexus"",""6652/GameAgents"",""10823/Infinite""]",0,1,0,0,0,0,0,N/A,
Buzz,20941,Christian Andersen,Denmark,20,1.03,0.97,-141,428,11433,7486,7627,0.98,47.5,74,0.95,"{""2021"":0.95,""2022"":1}",124,"[""6665/Astralis"",""10867/MASONIC"",""11665/ex-MAD Lions"",""8362/MAD Lions"",""11487/Los Reyes"",""11536/ex-AGF"",""8704/AGF"",""9621/AaB""]",0,0,0,0,0,0,0,N/A,
Ro1f,21012,Kalle Johansson,Sweden,19,0.97,0.91,-832,486,13122,7980,8812,0.91,54.7,68.5,0.83,"{""2021"":0.89,""2022"":0.92}",136,"[""11425/PROSPECTS"",""10960/Young Ninjas"",""11157/Boys without Pyjamas""]",0,0,0,0,0,0,0,N/A,
